SimulationSecond,ReceiveRate,PacketsReceived,NumberOfSinks,RoutingProtocol,TransmissionPower,WavePktsSent,WavePtksReceived,WavePktsPpr,ExpectedWavePktsReceived,ExpectedWavePktsInCoverageReceived,BSM_PDR1,BSM_PDR2,BSM_PDR3,BSM_PDR4,BSM_PDR5,BSM_PDR6,BSM_PDR7,BSM_PDR8,BSM_PDR9,BSM_PDR10,MacPhyOverhead
+0s,0,0,10,protocol,7.5,0,0,0,0,0,0,0,0,0,0,0,0,0,0,0,0
+1s,0,0,10,protocol,7.5,0,0,0,0,0,0,0,0,0,0,0,0,0,0,0,1
+2s,0,0,10,protocol,7.5,30,294,9.8,20,20,1,1,1,1,1,1,1,1,1,1,0.50495
+3s,10.752,21,10,protocol,7.5,40,332,8.3,40,40,1,1,1,1,1,1,1,1,1,1,0.55053
+4s,12.288,24,10,protocol,7.5,40,350,8.75,40,40,1,1,1,1,1,1,1,1,1,1,0.482809
+5s,12.288,24,10,protocol,7.5,40,359,8.975,40,40,1,1,1,1,1,1,1,1,1,1,0.506326
+6s,12.288,24,10,protocol,7.5,40,360,9,40,40,1,1,1,1,1,1,1,1,1,1,0.474774
+7s,12.288,24,10,protocol,7.5,40,354,8.85,40,40,1,1,1,1,1,1,1,1,1,1,0.492225
+8s,11.776,23,10,protocol,7.5,40,325,8.125,40,40,1,1,1,1,1,1,1,1,1,1,0.475062
+9s,10.24,20,10,protocol,7.5,40,219,5.475,40,40,1,1,1,1,1,1,1,1,1,1,0.49866
+10s,8.704,17,10,protocol,7.5,40,112,2.8,40,40,1,1,1,1,1,1,1,1,1,1,0.499347
+11s,8.192,16,10,protocol,7.5,40,100,2.5,40,40,1,1,1,1,1,1,1,1,1,1,0.522227
+12s,8.192,16,10,protocol,7.5,40,100,2.5,40,40,1,1,1,1,1,1,0.625,0.625,0.625,0.625,0.522319
+13s,8.192,16,10,protocol,7.5,40,100,2.5,40,40,1,1,1,1,1,1,0.408163,0.408163,0.408163,0.408163,0.532607
+14s,8.192,16,10,protocol,7.5,40,100,2.5,40,40,1,1,1,1,1,1,0.333333,0.333333,0.333333,0.333333,0.52537
+15s,8.192,16,10,protocol,7.5,40,100,2.5,40,40,1,1,1,1,1,0.645161,0.333333,0.333333,0.333333,0.333333,0.628908
+16s,8.192,16,10,protocol,7.5,40,100,2.5,40,40,1,1,1,1,1,0.487805,0.333333,0.333333,0.333333,0.333333,0.681081
+17s,8.192,16,10,protocol,7.5,40,100,2.5,40,40,1,1,1,1,1,0.333333,0.333333,0.333333,0.333333,0.333333,0.682201
+18s,8.192,16,10,protocol,7.5,40,100,2.5,40,40,1,1,1,1,0.689655,0.333333,0.333333,0.333333,0.333333,0.333333,0.671634
+19s,8.192,16,10,protocol,7.5,40,100,2.5,40,40,1,1,1,1,0.5,0.333333,0.333333,0.333333,0.333333,0.333333,0.667022
+20s,8.192,16,10,protocol,7.5,40,100,2.5,40,40,1,1,1,1,0.377358,0.333333,0.333333,0.333333,0.333333,0.333333,0.657814
+21s,8.192,16,10,protocol,7.5,40,100,2.5,40,40,1,1,1,0.8,0.333333,0.333333,0.333333,0.333333,0.333333,0.333333,0.654416
+22s,8.192,16,10,protocol,7.5,50,210,4.2,40,40,1,1,1,0.5,0.333333,0.333333,0.25,0.25,0.25,0.25,0.644141
+23s,8.192,16,10,protocol,7.5,50,210,4.2,40,40,1,1,1,0.465116,0.333333,0.333333,0.25,0.25,0.25,0.25,0.639047
+24s,8.192,16,10,protocol,7.5,50,214,4.28,40,40,1,1,1,0.333333,0.333333,0.333333,0.25,0.25,0.25,0.25,0.629838
+25s,8.192,16,10,protocol,7.5,50,223,4.46,40,40,1,1,0.512821,0.333333,0.333333,0.285714,0.25,0.25,0.25,0.25,0.625592
+26s,8.192,16,10,protocol,7.5,50,234,4.68,40,40,1,1,0.575,0.383333,0.383333,0.328571,0.2875,0.2875,0.2875,0.2875,0.617466
+27s,8.192,16,10,protocol,7.5,50,263,5.26,40,39,0.975,0.978261,0.703704,0.633333,0.633333,0.542857,0.475,0.475,0.475,0.475,0.613912
+28s,8.192,16,10,protocol,7.5,60,310,5.16667,40,40,1,1,0.716667,0.716667,0.716667,0.477778,0.40566,0.40566,0.40566,0.40566,0.604911
+29s,8.192,16,10,protocol,7.5,60,316,5.26667,40,40,1,1,0.966667,0.966667,0.966667,0.644444,0.527273,0.527273,0.527273,0.527273,0.600642
+30s,6.656,13,10,protocol,7.5,60,263,4.38333,54,54,1,1,1,1,1,0.652174,0.521739,0.521739,0.521739,0.521739,0.593815
+31s,6.144,12,10,protocol,7.5,60,230,3.83333,76,76,1,1,1,1,1,0.6,0.487805,0.487805,0.487805,0.487805,0.591945
+32s,6.144,12,10,protocol,7.5,60,230,3.83333,100,100,1,1,1,1,1,0.6,0.451128,0.451128,0.451128,0.451128,0.586195
+33s,6.144,12,10,protocol,7.5,70,350,5,118,118,1,1,1,1,1,0.526316,0.428571,0.428571,0.428571,0.428571,0.583518
+34s,6.144,12,10,protocol,7.5,70,350,5,102,102,1,1,1,1,0.967742,0.483871,0.428571,0.428571,0.428571,0.428571,0.577273
+35s,6.144,12,10,protocol,7.5,70,337,4.81429,76,76,1,1,1,1,0.779221,0.491803,0.428571,0.428571,0.428571,0.428571,0.574177
+36s,6.144,12,10,protocol,7.5,70,330,4.71429,56,56,1,1,1,1,0.659341,0.46875,0.428571,0.428571,0.428571,0.428571,0.567763
+37s,6.144,12,10,protocol,7.5,70,325,4.64286,40,40,1,1,1,0.857143,0.6,0.461538,0.428571,0.428571,0.428571,0.428571,0.564794
+38s,6.144,12,10,protocol,7.5,70,297,4.24286,40,40,1,1,0.891667,0.677215,0.535,0.411538,0.382143,0.382143,0.382143,0.382143,0.558294
+39s,6.144,12,10,protocol,7.5,70,279,3.98571,40,40,1,0.983333,0.689394,0.56875,0.429245,0.376033,0.325,0.325,0.325,0.325,0.555561
+40s,6.144,12,10,protocol,7.5,70,255,3.64286,40,39,0.975,0.975,0.436709,0.43125,0.294872,0.2875,0.246429,0.246429,0.246429,0.246429,0.549574
+41s,6.144,12,10,protocol,7.5,70,256,3.65714,40,40,1,1,0.478873,0.425,0.283333,0.283333,0.242857,0.242857,0.242857,0.242857,0.547441
+42s,6.144,12,10,protocol,7.5,70,270,3.85714,40,39,0.975,0.977273,0.613636,0.50625,0.3375,0.331967,0.289286,0.289286,0.289286,0.289286,0.541899
+43s,6.144,12,10,protocol,7.5,80,386,4.825,56,56,1,0.976744,0.803279,0.526882,0.376923,0.35,0.326667,0.326667,0.326667,0.326667,0.539015
+44s,6.144,12,10,protocol,7.5,80,382,4.775,40,40,1,0.97,0.808333,0.538889,0.373077,0.346429,0.303125,0.303125,0.303125,0.303125,0.533174
+45s,6.144,12,10,protocol,7.5,80,388,4.85,36,36,1,0.98,0.942308,0.586826,0.379845,0.35,0.27762,0.27762,0.27762,0.27762,0.530688
+46s,6.144,12,10,protocol,7.5,80,384,4.8,20,20,1,1,0.99,0.626582,0.438053,0.353571,0.275,0.275,0.275,0.275,0.525581
+47s,6.144,12,10,protocol,7.5,80,373,4.6625,28,28,1,1,0.96,0.607595,0.436364,0.333333,0.266667,0.266667,0.266667,0.266667,0.523398
+48s,6.144,12,10,protocol,7.5,80,373,4.6625,40,38,0.95,0.95,0.84,0.6,0.451613,0.26087,0.219895,0.219895,0.219895,0.219895,0.518389
+49s,6.144,12,10,protocol,7.5,80,378,4.725,40,40,1,1,0.8,0.571429,0.444444,0.25,0.2,0.2,0.2,0.2,0.516484
+50s,6.144,12,10,protocol,7.5,80,375,4.6875,40,40,1,0.985714,0.79,0.564286,0.434066,0.251592,0.1975,0.1975,0.1975,0.1975,0.511819
+51s,6.144,12,10,protocol,7.5,80,363,4.5375,40,40,1,1,0.760417,0.58871,0.384211,0.25,0.1825,0.1825,0.1825,0.1825,0.51031
+52s,4.096,8,10,protocol,7.5,80,331,4.1375,40,40,1,1,0.75,0.491803,0.277778,0.208333,0.157895,0.157895,0.157895,0.157895,0.507108
+53s,4.096,8,10,protocol,7.5,80,304,3.8,24,22,0.916667,0.966667,0.783784,0.414286,0.27619,0.204225,0.15847,0.15847,0.15847,0.15847,0.506733
+54s,4.096,8,10,protocol,7.5,80,330,4.125,20,20,1,1,1,0.491803,0.3,0.214286,0.170455,0.170455,0.170455,0.170455,0.50374
+55s,4.096,8,10,protocol,7.5,90,339,3.76667,20,20,1,0.983333,0.556604,0.307292,0.21223,0.163889,0.139151,0.139151,0.139151,0.139151,0.502956
+56s,4.096,8,10,protocol,7.5,90,343,3.81111,20,20,1,1,0.541667,0.300926,0.249042,0.180556,0.154762,0.154762,0.154762,0.154762,0.500027
+57s,4.096,8,10,protocol,7.5,90,362,4.02222,20,20,1,0.983333,0.620968,0.381188,0.276978,0.213889,0.191542,0.191542,0.191542,0.191542,0.499044
+58s,4.096,8,10,protocol,7.5,90,357,3.96667,20,20,1,0.966667,0.616667,0.411111,0.272059,0.205556,0.194737,0.194737,0.194737,0.194737,0.495147
+59s,4.096,8,10,protocol,7.5,90,363,4.03333,20,20,1,1,0.536765,0.405556,0.280769,0.225309,0.192105,0.192105,0.192105,0.192105,0.496825
+60s,4.096,8,10,protocol,7.5,90,376,4.17778,20,20,1,1,0.506329,0.40404,0.3125,0.266667,0.210526,0.210526,0.210526,0.210526,0.492929
+61s,4.096,8,10,protocol,7.5,90,397,4.41111,20,20,1,0.942308,0.65625,0.477273,0.4375,0.357143,0.293296,0.293296,0.293296,0.293296,0.491683
+62s,4.096,8,10,protocol,7.5,90,411,4.56667,20,20,1,0.928571,0.7125,0.57,0.475,0.407143,0.335294,0.335294,0.335294,0.335294,0.488009
+63s,4.096,8,10,protocol,7.5,90,405,4.5,20,20,1,0.977273,0.574713,0.5,0.416667,0.337838,0.292398,0.292398,0.292398,0.292398,0.486728
+64s,4.096,8,10,protocol,7.5,130,857,6.59231,66,66,1,0.971963,0.703911,0.63,0.545455,0.466667,0.381818,0.381818,0.381818,0.381818,0.481725
+65s,4.096,8,10,protocol,7.5,130,939,7.22308,88,87,0.988636,0.943182,0.768786,0.665,0.554167,0.492593,0.415625,0.415625,0.415625,0.415625,0.479123
+66s,4.096,8,10,protocol,7.5,130,950,7.30769,102,93,0.911765,0.908451,0.811798,0.7225,0.602083,0.514235,0.43921,0.43921,0.43921,0.43921,0.474718
+67s,4.096,8,10,protocol,7.5,130,1072,8.24615,152,152,1,1,0.994118,0.808612,0.704167,0.563333,0.512121,0.512121,0.512121,0.512121,0.472446
+68s,4.096,8,10,protocol,7.5,130,1077,8.28462,196,196,1,1,1,0.779817,0.699588,0.537975,0.515152,0.515152,0.515152,0.515152,0.468154
+69s,4.096,8,10,protocol,7.5,130,991,7.62308,192,190,0.989583,0.976471,0.976471,0.790476,0.656126,0.51875,0.50303,0.50303,0.50303,0.50303,0.466167
+70s,3.072,6,10,protocol,7.5,130,1020,7.84615,168,168,1,1,1,0.825243,0.636704,0.53125,0.515152,0.515152,0.515152,0.515152,0.462596
+71s,2.048,4,10,protocol,7.5,130,921,7.08462,119,115,0.966387,0.955128,0.908824,0.739234,0.530928,0.482812,0.468182,0.468182,0.468182,0.468182,0.461912
+72s,2.048,4,10,protocol,7.5,130,868,6.67692,100,100,1,0.992647,0.904192,0.712264,0.510135,0.472613,0.460366,0.460366,0.460366,0.460366,0.459007
+73s,2.048,4,10,protocol,7.5,130,716,5.50769,98,95,0.969388,0.945833,0.817073,0.609091,0.462069,0.432258,0.409786,0.409786,0.409786,0.409786,0.45822
+74s,2.048,4,10,protocol,7.5,130,687,5.28462,80,79,0.9875,0.966387,0.81677,0.605991,0.463028,0.424194,0.393713,0.393713,0.393713,0.393713,0.45548
+75s,4.096,8,10,protocol,7.5,130,683,5.25385,74,74,1,0.966981,0.755882,0.611905,0.46223,0.414516,0.369253,0.369253,0.369253,0.369253,0.454274
+76s,4.096,8,10,protocol,7.5,130,661,5.08462,70,70,1,0.962963,0.778125,0.595694,0.478846,0.400322,0.349719,0.349719,0.349719,0.349719,0.451708
+77s,4.096,8,10,protocol,7.5,130,610,4.69231,80,80,1,0.951754,0.799342,0.578571,0.484064,0.384494,0.328378,0.328378,0.328378,0.328378,0.450553
+78s,4.096,8,10,protocol,7.5,130,641,4.93077,80,78,0.975,0.961538,0.806338,0.545238,0.497826,0.358934,0.285536,0.285536,0.285536,0.285536,0.447541
+79s,4.096,8,10,protocol,7.5,130,581,4.46923,94,91,0.968085,0.955,0.741722,0.533333,0.493392,0.355556,0.266667,0.266667,0.266667,0.266667,0.446509
+80s,2.56,5,10,protocol,7.5,130,642,4.93846,84,84,1,1,0.6625,0.504762,0.471111,0.348684,0.238739,0.238739,0.238739,0.238739,0.444209
+81s,2.048,4,10,protocol,7.5,130,606,4.66154,80,79,0.9875,0.966667,0.646875,0.509852,0.440426,0.315549,0.222581,0.222581,0.222581,0.222581,0.444221
+82s,2.048,4,10,protocol,7.5,130,627,4.82308,83,81,0.975904,0.95977,0.615625,0.515707,0.394,0.292285,0.206499,0.206499,0.206499,0.206499,0.442215
+83s,2.048,4,10,protocol,7.5,130,623,4.79231,68,67,0.985294,0.944444,0.65035,0.489474,0.372,0.254795,0.197872,0.197872,0.197872,0.197872,0.441961
+84s,2.048,4,10,protocol,7.5,130,588,4.52308,60,60,1,0.903226,0.708171,0.446078,0.340187,0.233333,0.194444,0.194444,0.194444,0.194444,0.440059
+85s,2.56,5,10,protocol,7.5,140,687,4.90714,60,60,1,0.959302,0.816667,0.426087,0.34386,0.231678,0.199796,0.199796,0.199796,0.199796,0.439554
+86s,2.048,4,10,protocol,7.5,140,623,4.45,68,68,1,0.96875,0.716102,0.384091,0.279801,0.196512,0.177521,0.177521,0.177521,0.177521,0.438074
+87s,2.048,4,10,protocol,7.5,140,613,4.37857,96,96,1,0.96875,0.668103,0.353881,0.225291,0.180233,0.164894,0.164894,0.164894,0.164894,0.436822
+88s,2.048,4,10,protocol,7.5,140,609,4.35,100,100,1,0.9625,0.6,0.352941,0.219718,0.177273,0.167382,0.167382,0.167382,0.167382,0.434144
+89s,2.048,4,10,protocol,7.5,140,666,4.75714,100,97,0.97,0.9625,0.659091,0.405594,0.237057,0.199085,0.187097,0.187097,0.187097,0.187097,0.432993
+90s,2.048,4,10,protocol,7.5,140,665,4.75,86,86,1,0.9375,0.695035,0.418803,0.264865,0.226852,0.208511,0.208511,0.208511,0.208511,0.430448
+91s,2.048,4,10,protocol,7.5,140,659,4.70714,74,74,1,0.950276,0.731544,0.399267,0.292225,0.253488,0.223819,0.223819,0.223819,0.223819,0.429613
+92s,2.048,4,10,protocol,7.5,140,676,4.82857,58,58,1,0.962617,0.792208,0.401316,0.342697,0.283721,0.242545,0.242545,0.242545,0.242545,0.427187
+93s,2.048,4,10,protocol,7.5,140,673,4.80714,60,58,0.966667,0.904167,0.771341,0.418874,0.364553,0.294186,0.249507,0.249507,0.249507,0.249507,0.426245
+94s,2.048,4,10,protocol,7.5,140,692,4.94286,60,60,1,0.916996,0.748588,0.441667,0.394933,0.304598,0.259804,0.259804,0.259804,0.259804,0.423932
+95s,2.048,4,10,protocol,7.5,150,745,4.96667,86,84,0.976744,0.922764,0.67381,0.445669,0.401989,0.298523,0.262037,0.262037,0.262037,0.262037,0.422908
+96s,2.048,4,10,protocol,7.5,150,776,5.17333,110,103,0.936364,0.90625,0.606522,0.435937,0.3875,0.293684,0.250449,0.250449,0.250449,0.250449,0.421232
+97s,2.048,4,10,protocol,7.5,150,829,5.52667,132,129,0.977273,0.958333,0.716667,0.5375,0.476454,0.353909,0.301754,0.301754,0.301754,0.301754,0.420298
+98s,2.048,4,10,protocol,7.5,150,871,5.80667,124,123,0.991935,0.975862,0.78903,0.589905,0.496021,0.375502,0.324653,0.324653,0.324653,0.324653,0.418038
+99s,0.512,1,10,protocol,7.5,150,886,5.90667,135,128,0.948148,0.922222,0.839207,0.614516,0.47625,0.373529,0.322881,0.322881,0.322881,0.322881,0.417597
+100s,0,0,10,protocol,7.5,150,898,5.98667,100,100,1,0.980663,0.811715,0.610063,0.46747,0.373077,0.332192,0.332192,0.332192,0.332192,0.415991
+101s,0,0,10,protocol,7.5,150,870,5.8,140,140,1,0.981579,0.822917,0.602134,0.442825,0.374763,0.342288,0.342288,0.342288,0.342288,0.416233
+102s,0,0,10,protocol,7.5,150,815,5.43333,160,160,1,0.997368,0.846939,0.625,0.447198,0.391509,0.365317,0.365317,0.365317,0.365317,0.414692
+103s,1.536,3,10,protocol,7.5,150,830,5.53333,164,164,1,0.976064,0.774131,0.596726,0.426596,0.371296,0.355496,0.355496,0.355496,0.355496,0.414167
+104s,2.048,4,10,protocol,7.5,150,871,5.80667,179,179,1,0.988764,0.772727,0.583791,0.446429,0.393519,0.369565,0.369565,0.369565,0.369565,0.412267
+105s,2.048,4,10,protocol,7.5,160,873,5.45625,160,159,0.99375,0.95082,0.744828,0.53202,0.427723,0.36,0.321908,0.321908,0.321908,0.321908,0.411482
+106s,0,0,10,protocol,7.5,160,814,5.0875,134,132,0.985075,0.965426,0.724138,0.5,0.404624,0.349418,0.29872,0.29872,0.29872,0.29872,0.410315
+107s,0,0,10,protocol,7.5,160,784,4.9,127,125,0.984252,0.936306,0.619672,0.43649,0.357278,0.30832,0.266197,0.266197,0.266197,0.266197,0.409994
+108s,0,0,10,protocol,7.5,160,812,5.075,156,153,0.980769,0.945783,0.607903,0.43573,0.375235,0.318471,0.276625,0.276625,0.276625,0.276625,0.408529
+109s,0,0,10,protocol,7.5,160,775,4.84375,160,156,0.975,0.902857,0.542274,0.385093,0.344444,0.28012,0.254795,0.254795,0.254795,0.254795,0.40825
+110s,0,0,10,protocol,7.5,160,745,4.65625,160,151,0.94375,0.849711,0.511204,0.369433,0.336096,0.262968,0.25,0.25,0.25,0.25,0.406845
+111s,0,0,10,protocol,7.5,160,865,5.40625,156,152,0.974359,0.90411,0.564343,0.421,0.376565,0.303314,0.288356,0.288356,0.288356,0.288356,0.410789
+112s,0,0,10,protocol,7.5,160,795,4.96875,142,138,0.971831,0.895238,0.571618,0.43014,0.36402,0.312319,0.295003,0.295003,0.295003,0.295003,0.41448
+113s,2.048,4,10,protocol,7.5,160,845,5.28125,186,184,0.989247,0.891705,0.605191,0.442116,0.368552,0.321014,0.301771,0.301771,0.301771,0.301771,0.415124
+114s,2.048,4,10,protocol,7.5,160,900,5.625,244,235,0.963115,0.938119,0.684066,0.506098,0.401613,0.359307,0.341096,0.341096,0.341096,0.341096,0.413331
+115s,2.048,4,10,protocol,7.5,160,935,5.84375,314,314,1,0.97619,0.754464,0.497059,0.393634,0.362143,0.350622,0.350622,0.350622,0.350622,0.412772
+116s,2.048,4,10,protocol,7.5,160,961,6.00625,342,342,1,0.991903,0.842949,0.521825,0.399696,0.370945,0.364771,0.364771,0.364771,0.364771,0.411372
+117s,2.048,4,10,protocol,7.5,160,957,5.98125,358,346,0.96648,0.972,0.860927,0.521042,0.399386,0.366197,0.360111,0.360111,0.360111,0.360111,0.410745
+118s,2.048,4,10,protocol,7.5,160,971,6.06875,390,390,1,0.998,0.822188,0.560041,0.420684,0.380986,0.375694,0.375694,0.375694,0.375694,0.409054
+119s,2.048,4,10,protocol,7.5,160,997,6.23125,404,394,0.975248,0.963415,0.793769,0.575269,0.416019,0.376761,0.371528,0.371528,0.371528,0.371528,0.408389
+120s,2.048,4,10,protocol,7.5,160,1030,6.4375,412,400,0.970874,0.954545,0.875,0.646739,0.468873,0.421388,0.408093,0.408093,0.408093,0.408093,0.406741
+121s,2.048,4,10,protocol,7.5,160,1106,6.9125,372,372,1,0.978799,0.953172,0.707399,0.548696,0.444366,0.429544,0.429544,0.429544,0.429544,0.406371
+122s,2.048,4,10,protocol,7.5,160,1063,6.64375,348,348,1,0.989865,0.912722,0.739808,0.555856,0.436351,0.416892,0.416892,0.416892,0.416892,0.404779
+123s,2.048,4,10,protocol,7.5,160,1029,6.43125,318,318,1,0.996667,0.912463,0.774559,0.559091,0.440544,0.418367,0.418367,0.418367,0.418367,0.404199
+124s,2.048,4,10,protocol,7.5,160,1049,6.55625,321,319,0.993769,0.978571,0.89497,0.815364,0.57729,0.46467,0.416667,0.416667,0.416667,0.416667,0.402661
+125s,2.048,4,10,protocol,7.5,160,995,6.21875,288,280,0.972222,0.917293,0.831325,0.732095,0.553106,0.444087,0.38069,0.38069,0.38069,0.38069,0.402103
+126s,2.048,4,10,protocol,7.5,190,1198,6.30526,320,320,1,0.94974,0.786232,0.662933,0.516667,0.444065,0.356127,0.356127,0.356127,0.356127,0.40065
+127s,2.048,4,10,protocol,7.5,200,1253,6.265,312,297,0.951923,0.928437,0.821343,0.70911,0.53937,0.460969,0.369471,0.369471,0.369471,0.369471,0.399761
+128s,2.048,4,10,protocol,7.5,200,1165,5.825,260,252,0.969231,0.911654,0.728814,0.624481,0.477778,0.400266,0.33168,0.33168,0.33168,0.33168,0.397993
+129s,2.048,4,10,protocol,7.5,200,1157,5.785,222,222,1,0.972763,0.735661,0.62766,0.468254,0.391766,0.327051,0.327051,0.327051,0.327051,0.397165
+130s,0.512,1,10,protocol,7.5,200,1011,5.055,200,191,0.955,0.880859,0.630376,0.492647,0.37701,0.306937,0.263483,0.263483,0.263483,0.263483,0.395743
+131s,0,0,10,protocol,7.5,200,1136,5.68,192,192,1,0.934874,0.74344,0.559211,0.415309,0.326087,0.292096,0.292096,0.292096,0.292096,0.395398
+132s,0,0,10,protocol,7.5,200,1099,5.495,200,195,0.975,0.926941,0.811448,0.544018,0.403685,0.304293,0.27765,0.27765,0.27765,0.27765,0.394126
+133s,0.512,1,10,protocol,7.5,200,1030,5.15,196,189,0.964286,0.949519,0.77931,0.53114,0.390328,0.289744,0.264327,0.264327,0.264327,0.264327,0.394002
+134s,0,0,10,protocol,7.5,200,950,4.75,168,167,0.994048,0.92402,0.686411,0.484625,0.34083,0.249367,0.232861,0.232861,0.232861,0.232861,0.39324
+135s,1.024,2,10,protocol,7.5,200,949,4.745,150,149,0.993333,0.95,0.71978,0.52965,0.337629,0.251923,0.227168,0.227168,0.227168,0.227168,0.39293
+136s,0,0,10,protocol,7.5,200,910,4.55,140,140,1,0.9625,0.705128,0.517473,0.331897,0.24903,0.22,0.22,0.22,0.22,0.392027
+137s,2.048,4,10,protocol,7.5,200,890,4.45,140,140,1,0.903061,0.652174,0.467532,0.300501,0.233161,0.202475,0.202475,0.202475,0.202475,0.39198
+138s,2.048,4,10,protocol,7.5,200,925,4.625,140,140,1,0.936464,0.690909,0.487179,0.31614,0.243902,0.21814,0.21814,0.21814,0.21814,0.390985
+139s,2.048,4,10,protocol,7.5,200,913,4.565,140,138,0.985714,0.964497,0.692708,0.516839,0.3325,0.253173,0.226962,0.226962,0.226962,0.226962,0.3909
+140s,2.048,4,10,protocol,7.5,200,983,4.915,150,149,0.993333,0.918919,0.652921,0.465686,0.311987,0.239295,0.207877,0.207877,0.207877,0.207877,0.38994
+141s,2.048,4,10,protocol,7.5,200,952,4.76,164,164,1,0.925824,0.645215,0.469952,0.313804,0.251933,0.216261,0.216261,0.216261,0.216261,0.389595
+142s,2.048,4,10,protocol,7.5,200,1009,5.045,180,180,1,0.918919,0.651274,0.466895,0.334697,0.273396,0.229003,0.229003,0.229003,0.229003,0.388286
+143s,2.048,4,10,protocol,7.5,200,1069,5.345,210,210,1,0.949468,0.773333,0.504348,0.374194,0.317808,0.263636,0.263636,0.263636,0.263636,0.387786
+144s,2.048,4,10,protocol,7.5,200,1189,5.945,240,239,0.995833,0.957921,0.785016,0.51828,0.364048,0.324361,0.278935,0.278935,0.278935,0.278935,0.386495
+145s,2.048,4,10,protocol,7.5,200,1060,5.3,254,247,0.972441,0.911364,0.68,0.490022,0.331583,0.299458,0.264038,0.264038,0.264038,0.264038,0.386018
+146s,2.048,4,10,protocol,7.5,200,1076,5.38,270,267,0.988889,0.927273,0.654545,0.485393,0.328267,0.297111,0.255319,0.255319,0.255319,0.255319,0.385321
+147s,2.048,4,10,protocol,7.5,210,1244,5.92381,322,321,0.996894,0.96875,0.68892,0.50207,0.358728,0.323333,0.272472,0.272472,0.272472,0.272472,0.384821
+148s,2.048,4,10,protocol,7.5,210,1277,6.08095,350,347,0.991429,0.972,0.719444,0.512871,0.380323,0.345333,0.289385,0.289385,0.289385,0.289385,0.383563
+149s,4.096,8,10,protocol,7.5,210,1213,5.77619,348,339,0.974138,0.954902,0.730556,0.505769,0.384503,0.348344,0.293527,0.293527,0.293527,0.293527,0.383366
+150s,4.096,8,10,protocol,7.5,210,1378,6.5619,330,329,0.99697,0.994208,0.813261,0.582364,0.447173,0.388243,0.333889,0.333889,0.333889,0.333889,0.382318
+151s,4.096,8,10,protocol,7.5,210,1344,6.4,320,320,1,0.96,0.797043,0.597782,0.448563,0.37202,0.326183,0.326183,0.326183,0.326183,0.38235
+152s,4.096,8,10,protocol,7.5,210,1334,6.35238,300,298,0.993333,0.955674,0.744216,0.584848,0.434685,0.355651,0.318132,0.318132,0.318132,0.318132,0.381376
+153s,4.096,8,10,protocol,7.5,210,1257,5.98571,298,298,1,0.968864,0.726923,0.603191,0.417526,0.345311,0.311196,0.311196,0.311196,0.311196,0.381108
+154s,3.584,7,10,protocol,7.5,210,1260,6,318,318,1,0.98513,0.770942,0.640217,0.420714,0.354819,0.325414,0.325414,0.325414,0.325414,0.380129
+155s,3.584,7,10,protocol,7.5,210,1200,5.71429,322,318,0.987578,0.961111,0.785135,0.614165,0.397945,0.350845,0.322778,0.322778,0.322778,0.322778,0.379943
+156s,4.096,8,10,protocol,7.5,210,1214,5.78095,318,318,1,0.980144,0.776,0.6,0.404729,0.350602,0.31324,0.31324,0.31324,0.31324,0.379199
+157s,4.096,8,10,protocol,7.5,220,1270,5.77273,268,266,0.992537,0.951827,0.754975,0.58932,0.400925,0.344886,0.309063,0.309063,0.309063,0.309063,0.378927
+158s,4.096,8,10,protocol,7.5,220,1435,6.52273,228,226,0.991228,0.962783,0.765207,0.591722,0.417663,0.354966,0.310924,0.310924,0.310924,0.310924,0.377893
+159s,4.096,8,10,protocol,7.5,220,1426,6.48182,220,220,1,0.932358,0.77439,0.560954,0.425603,0.360795,0.31097,0.31097,0.31097,0.31097,0.377586
+160s,4.096,8,10,protocol,7.5,230,1340,5.82609,232,231,0.99569,0.945455,0.76348,0.53157,0.395556,0.334946,0.282668,0.282668,0.282668,0.282668,0.376477
+161s,4.096,8,10,protocol,7.5,230,1298,5.64348,264,260,0.984848,0.917625,0.658228,0.472727,0.366667,0.303932,0.252427,0.252427,0.252427,0.252427,0.376343
+162s,4.096,8,10,protocol,7.5,230,1311,5.7,280,278,0.992857,0.953815,0.621938,0.470968,0.372925,0.315335,0.249786,0.249786,0.249786,0.249786,0.375268
+163s,4.096,8,10,protocol,7.5,230,1319,5.73478,292,292,1,0.936,0.579332,0.44686,0.355769,0.29903,0.234177,0.234177,0.234177,0.234177,0.374926
+164s,4.096,8,10,protocol,7.5,230,1271,5.52609,292,287,0.982877,0.950199,0.621593,0.469146,0.377226,0.316098,0.256488,0.256488,0.256488,0.256488,0.373885
+165s,4.096,8,10,protocol,7.5,230,1324,5.75652,270,265,0.981481,0.950185,0.665217,0.485714,0.374083,0.315464,0.261315,0.261315,0.261315,0.261315,0.373547
+166s,4.096,8,10,protocol,7.5,230,1225,5.32609,276,274,0.992754,0.928044,0.639913,0.48124,0.363748,0.298583,0.25464,0.25464,0.25464,0.25464,0.372871
+167s,4.096,8,10,protocol,7.5,230,1166,5.06957,300,291,0.97,0.92963,0.624733,0.485099,0.357317,0.294177,0.259292,0.259292,0.259292,0.259292,0.372544
+168s,4.096,8,10,protocol,7.5,240,1382,5.75833,374,370,0.989305,0.942053,0.65,0.526012,0.393089,0.337037,0.285266,0.285266,0.285266,0.285266,0.371515
+169s,4.096,8,10,protocol,7.5,240,1437,5.9875,400,399,0.9975,0.949254,0.691547,0.572599,0.405163,0.351784,0.300391,0.300391,0.300391,0.300391,0.371157
+170s,4.096,8,10,protocol,7.5,240,1427,5.94583,414,410,0.990338,0.965812,0.675221,0.555313,0.404989,0.345562,0.297118,0.297118,0.297118,0.297118,0.370161
+171s,4.096,8,10,protocol,7.5,240,1340,5.58333,444,434,0.977477,0.9375,0.672575,0.518332,0.382291,0.327281,0.279457,0.279457,0.279457,0.279457,0.369985
+172s,4.096,8,10,protocol,7.5,240,1502,6.25833,496,494,0.995968,0.957386,0.712524,0.527388,0.411732,0.344812,0.290635,0.290635,0.290635,0.290635,0.369018
+173s,4.096,8,10,protocol,7.5,240,1467,6.1125,518,515,0.994208,0.974852,0.775551,0.529412,0.43192,0.364064,0.305808,0.305808,0.305808,0.305808,0.368699
+174s,4.096,8,10,protocol,7.5,240,1418,5.90833,508,487,0.958661,0.937405,0.742972,0.510345,0.417136,0.352381,0.29695,0.29695,0.29695,0.29695,0.367761
+175s,4.096,8,10,protocol,7.5,240,1417,5.90417,468,459,0.980769,0.974006,0.751008,0.513085,0.418539,0.358518,0.304206,0.304206,0.304206,0.304206,0.36748
+176s,4.096,8,10,protocol,7.5,240,1399,5.82917,422,416,0.985782,0.950301,0.747,0.516598,0.42395,0.361219,0.312814,0.312814,0.312814,0.312814,0.36691
+177s,4.096,8,10,protocol,7.5,240,1380,5.75,374,359,0.959893,0.902736,0.680912,0.516571,0.402809,0.347047,0.30733,0.30733,0.30733,0.30733,0.366631
+178s,4.096,8,10,protocol,7.5,240,1508,6.28333,346,335,0.968208,0.935045,0.717054,0.553892,0.426267,0.359223,0.31651,0.31651,0.31651,0.31651,0.365744
+179s,4.096,8,10,protocol,7.5,240,1391,5.79583,316,310,0.981013,0.905363,0.728916,0.535398,0.429078,0.352427,0.311856,0.311856,0.311856,0.311856,0.365444
+180s,4.096,8,10,protocol,7.5,240,1507,6.27917,294,293,0.996599,0.93871,0.761317,0.544118,0.444712,0.35818,0.318143,0.318143,0.318143,0.318143,0.364538
+181s,4.096,8,10,protocol,7.5,240,1470,6.125,314,313,0.996815,0.951613,0.743243,0.531994,0.457746,0.34342,0.301433,0.301433,0.301433,0.301433,0.364458
+182s,4.096,8,10,protocol,7.5,240,1358,5.65833,340,335,0.985294,0.945423,0.682303,0.487805,0.434783,0.309328,0.271878,0.271878,0.271878,0.271878,0.363597
+183s,4.096,8,10,protocol,7.5,240,1283,5.34583,356,350,0.983146,0.974708,0.619099,0.447981,0.396291,0.285644,0.243666,0.243666,0.243666,0.243666,0.363333
+184s,2.048,4,10,protocol,7.5,240,1194,4.975,428,424,0.990654,0.992,0.613475,0.405469,0.355967,0.258724,0.220851,0.220851,0.220851,0.220851,0.362663
+185s,2.048,4,10,protocol,7.5,240,1213,5.05417,440,440,1,1,0.617284,0.390625,0.338753,0.25025,0.215332,0.215332,0.215332,0.215332,0.362584
+186s,2.048,4,10,protocol,7.5,240,1222,5.09167,456,455,0.997807,0.998,0.691781,0.394531,0.333113,0.26919,0.21852,0.21852,0.21852,0.21852,0.362256
+187s,2.048,4,10,protocol,7.5,250,1243,4.972,508,505,0.994094,0.991071,0.788828,0.41565,0.343416,0.294656,0.234034,0.234034,0.234034,0.234034,0.362141
+188s,2.048,4,10,protocol,7.5,280,1558,5.56429,580,580,1,0.985215,0.894681,0.514688,0.409047,0.353065,0.286054,0.286054,0.286054,0.286054,0.361356
+189s,3.584,7,10,protocol,7.5,280,1577,5.63214,578,574,0.99308,0.991667,0.93573,0.527317,0.398793,0.352917,0.288255,0.288255,0.288255,0.288255,0.360996
+190s,4.096,8,10,protocol,7.5,280,1444,5.15714,584,576,0.986301,0.986339,0.841649,0.46356,0.355963,0.319342,0.259272,0.259272,0.259272,0.259272,0.360056
+191s,4.096,8,10,protocol,7.5,280,1467,5.23929,516,515,0.998062,0.976,0.789366,0.458977,0.354128,0.309543,0.265475,0.265475,0.265475,0.265475,0.359765
+192s,4.096,8,10,protocol,7.5,280,1445,5.16071,500,496,0.992,0.974114,0.763,0.462424,0.353241,0.301105,0.257857,0.257857,0.257857,0.257857,0.358853
+193s,4.096,8,10,protocol,7.5,280,1424,5.08571,476,473,0.993697,0.973404,0.764471,0.459784,0.356279,0.296899,0.252639,0.252639,0.252639,0.252639,0.358474
+194s,4.096,8,10,protocol,7.5,280,1329,4.74643,440,440,1,0.97067,0.737548,0.451878,0.359813,0.294568,0.254967,0.254967,0.254967,0.254967,0.357588
+195s,4.096,8,10,protocol,7.5,280,1385,4.94643,440,440,1,0.966033,0.680987,0.423295,0.350094,0.284026,0.244905,0.244905,0.244905,0.244905,0.357219
+196s,4.096,8,10,protocol,7.5,280,1398,4.99286,440,440,1,0.936,0.686347,0.417508,0.351275,0.281179,0.245545,0.245545,0.245545,0.245545,0.356525
+197s,4.096,8,10,protocol,7.5,280,1385,4.94643,448,448,1,0.94837,0.725285,0.421547,0.354884,0.28155,0.251318,0.251318,0.251318,0.251318,0.356168
+198s,4.096,8,10,protocol,7.5,280,1358,4.85,472,469,0.993644,0.917092,0.677936,0.418681,0.358757,0.278917,0.252485,0.252485,0.252485,0.252485,0.355331
+199s,4.096,8,10,protocol,7.5,280,1532,5.47143,484,484,1,0.976501,0.720588,0.45027,0.396667,0.304015,0.274917,0.274917,0.274917,0.274917,0.354994
+200s,4.096,8,10,protocol,7.5,280,1515,5.41071,530,528,0.996226,0.965736,0.749565,0.473626,0.404695,0.323574,0.280965,0.280965,0.280965,0.280965,0.354181
+201s,4.096,8,10,protocol,7.5,280,1523,5.43929,568,568,1,0.972906,0.756873,0.497178,0.406365,0.329716,0.283462,0.283462,0.283462,0.283462,0.353938
+202s,4.096,8,10,protocol,7.5,280,1530,5.46429,624,616,0.987179,0.973366,0.759167,0.525982,0.409254,0.336659,0.293871,0.293871,0.293871,0.293871,0.353146
+203s,4.096,8,10,protocol,7.5,280,1560,5.57143,640,640,1,0.995261,0.792899,0.542824,0.412127,0.347407,0.303364,0.303364,0.303364,0.303364,0.352845
+204s,4.096,8,10,protocol,7.5,280,1564,5.58571,642,642,1,0.995444,0.788851,0.527982,0.401548,0.345926,0.309476,0.309476,0.309476,0.309476,0.352074
+205s,5.632,11,10,protocol,7.5,280,1585,5.66071,682,680,0.997067,0.98536,0.754967,0.512936,0.379368,0.340553,0.310204,0.310204,0.310204,0.310204,0.35184
+206s,6.144,12,10,protocol,7.5,280,1546,5.52143,681,680,0.998532,0.99,0.746732,0.500548,0.383068,0.34079,0.315172,0.315172,0.315172,0.315172,0.351392
+207s,6.144,12,10,protocol,7.5,280,1455,5.19643,672,635,0.94494,0.938998,0.701422,0.478448,0.373423,0.335855,0.304318,0.304318,0.304318,0.304318,0.351163
+208s,6.144,12,10,protocol,7.5,280,1666,5.95,632,632,1,0.98493,0.781746,0.52957,0.413518,0.376817,0.337329,0.337329,0.337329,0.337329,0.350477
+209s,6.144,12,10,protocol,7.5,290,1656,5.71034,646,635,0.982972,0.95569,0.756528,0.527867,0.417727,0.380897,0.327896,0.327896,0.327896,0.327896,0.350223
+210s,6.144,12,10,protocol,7.5,290,1659,5.72069,626,622,0.99361,0.959325,0.734513,0.527542,0.42931,0.386047,0.325703,0.325703,0.325703,0.325703,0.349527
+211s,6.144,12,10,protocol,7.5,290,1690,5.82759,640,633,0.989062,0.958918,0.743459,0.532813,0.447898,0.394372,0.336513,0.336513,0.336513,0.336513,0.349428
+212s,6.144,12,10,protocol,7.5,290,1729,5.96207,632,612,0.968354,0.926078,0.723482,0.514568,0.439947,0.379509,0.325543,0.325543,0.325543,0.325543,0.34877
+213s,6.144,12,10,protocol,7.5,290,1764,6.08276,654,652,0.996942,0.972505,0.772189,0.535934,0.454308,0.395155,0.341623,0.341623,0.341623,0.341623,0.348545
+214s,6.144,12,10,protocol,7.5,290,1747,6.02414,624,614,0.983974,0.9625,0.728404,0.507136,0.427773,0.370301,0.32159,0.32159,0.32159,0.32159,0.347883
+215s,6.144,12,10,protocol,7.5,290,1756,6.05517,618,613,0.991909,0.965859,0.732796,0.505556,0.42851,0.372396,0.326911,0.326911,0.326911,0.326911,0.347692
+216s,6.144,12,10,protocol,7.5,300,1730,5.76667,656,651,0.992378,0.944112,0.736242,0.510708,0.424536,0.37906,0.334247,0.334247,0.334247,0.334247,0.347218
+217s,6.144,12,10,protocol,7.5,300,1674,5.58,660,644,0.975758,0.92348,0.689116,0.47783,0.389316,0.34811,0.308278,0.308278,0.308278,0.308278,0.347029
+218s,6.144,12,10,protocol,7.5,300,1622,5.40667,650,626,0.963077,0.930649,0.685369,0.45476,0.368884,0.322959,0.292779,0.292779,0.292779,0.292779,0.346341
+219s,6.144,12,10,protocol,7.5,300,1573,5.24333,628,621,0.988854,0.919101,0.673946,0.409236,0.330015,0.299131,0.267005,0.267005,0.267005,0.267005,0.346095
+220s,6.144,12,10,protocol,7.5,310,1537,4.95806,600,593,0.988333,0.920043,0.684638,0.396493,0.320318,0.289507,0.256219,0.256219,0.256219,0.256219,0.345399
+221s,6.144,12,10,protocol,7.5,310,1572,5.07097,556,546,0.982014,0.932314,0.715391,0.400087,0.319076,0.287624,0.250406,0.250406,0.250406,0.250406,0.345205
+222s,6.144,12,10,protocol,7.5,310,1584,5.10968,554,549,0.990975,0.951136,0.727488,0.411896,0.314764,0.280451,0.245731,0.245731,0.245731,0.245731,0.344534
+223s,6.144,12,10,protocol,7.5,310,1624,5.23871,576,574,0.996528,0.95338,0.719048,0.400531,0.312629,0.273551,0.23905,0.23905,0.23905,0.23905,0.344294
+224s,6.144,12,10,protocol,7.5,310,1644,5.30323,560,560,1,0.970726,0.761943,0.420475,0.329545,0.286355,0.25,0.25,0.25,0.25,0.343633
+225s,6.144,12,10,protocol,7.5,310,1698,5.47742,560,556,0.992857,0.954955,0.757972,0.409452,0.322772,0.274585,0.242416,0.242416,0.242416,0.242416,0.343402
+226s,6.144,12,10,protocol,7.5,310,1654,5.33548,608,600,0.986842,0.954545,0.763333,0.40531,0.317175,0.270846,0.235476,0.235476,0.235476,0.235476,0.342871
+227s,6.144,12,10,protocol,7.5,310,1592,5.13548,576,570,0.989583,0.963736,0.799828,0.425114,0.320372,0.274712,0.238107,0.238107,0.238107,0.238107,0.342657
+228s,6.144,12,10,protocol,7.5,310,1655,5.33871,578,574,0.99308,0.968889,0.823268,0.413839,0.315306,0.274585,0.238794,0.238794,0.238794,0.238794,0.342028
+229s,6.144,12,10,protocol,7.5,310,1627,5.24839,580,572,0.986207,0.958333,0.844697,0.397504,0.304957,0.264688,0.232292,0.232292,0.232292,0.232292,0.341818
+230s,6.144,12,10,protocol,7.5,320,1832,5.725,564,564,1,0.968689,0.842105,0.422094,0.331177,0.282405,0.248967,0.248967,0.248967,0.248967,0.341182
+231s,6.144,12,10,protocol,7.5,320,1672,5.225,580,579,0.998276,0.936864,0.731707,0.39801,0.311082,0.256822,0.232446,0.232446,0.232446,0.232446,0.341003
+232s,6.144,12,10,protocol,7.5,320,1736,5.425,580,578,0.996552,0.957906,0.783233,0.413147,0.342244,0.27757,0.249639,0.249639,0.249639,0.249639,0.340381
+233s,6.144,12,10,protocol,7.5,320,1742,5.44375,572,572,1,0.957203,0.829738,0.433924,0.363115,0.29061,0.256307,0.256307,0.256307,0.256307,0.340158
+234s,6.144,12,10,protocol,7.5,320,1784,5.575,589,578,0.981324,0.913004,0.835098,0.46,0.376535,0.295741,0.260255,0.260255,0.260255,0.260255,0.339552
+235s,8.192,16,10,protocol,7.5,320,1751,5.47187,560,559,0.998214,0.945757,0.850969,0.493092,0.38503,0.302757,0.269849,0.269849,0.269849,0.269849,0.339376
+236s,8.192,16,10,protocol,7.5,320,1819,5.68438,562,562,1,0.959313,0.822046,0.494367,0.378567,0.305734,0.269231,0.269231,0.269231,0.269231,0.338901
+237s,8.192,16,10,protocol,7.5,320,1760,5.5,626,625,0.998403,0.952602,0.755678,0.478223,0.365513,0.290016,0.258353,0.258353,0.258353,0.258353,0.338713
+238s,8.192,16,10,protocol,7.5,320,1794,5.60625,640,630,0.984375,0.961612,0.764171,0.469072,0.374614,0.290735,0.25514,0.25514,0.25514,0.25514,0.338143
+239s,8.192,16,10,protocol,7.5,320,1668,5.2125,672,665,0.989583,0.935673,0.763791,0.441176,0.377095,0.292524,0.253879,0.253879,0.253879,0.253879,0.33796
+240s,8.192,16,10,protocol,7.5,320,1746,5.45625,670,660,0.985075,0.960204,0.778499,0.421814,0.380197,0.289587,0.254481,0.254481,0.254481,0.254481,0.337404
+241s,8.192,16,10,protocol,7.5,330,1789,5.42121,672,662,0.985119,0.922535,0.741811,0.401599,0.355823,0.290347,0.257812,0.257812,0.257812,0.257812,0.337359
+242s,8.192,16,10,protocol,7.5,330,1717,5.20303,644,622,0.965839,0.917954,0.691913,0.373398,0.329664,0.278625,0.24084,0.24084,0.24084,0.24084,0.336801
+243s,8.192,16,10,protocol,7.5,330,1831,5.54848,649,649,1,0.963583,0.724509,0.4,0.342105,0.298305,0.259058,0.259058,0.259058,0.259058,0.33662
+244s,8.192,16,10,protocol,7.5,330,1787,5.41515,680,678,0.997059,0.96507,0.705112,0.400212,0.33842,0.296228,0.258337,0.258337,0.258337,0.258337,0.336069
+245s,8.192,16,10,protocol,7.5,330,1819,5.51212,722,711,0.984765,0.964286,0.727099,0.409091,0.340179,0.300158,0.262276,0.262276,0.262276,0.262276,0.335899
+246s,8.192,16,10,protocol,7.5,330,1822,5.52121,748,742,0.991979,0.959847,0.736057,0.404779,0.341662,0.299157,0.264939,0.264939,0.264939,0.264939,0.335518
+247s,8.192,16,10,protocol,7.5,330,1871,5.6697,770,770,1,0.976809,0.733881,0.403967,0.36236,0.305285,0.272535,0.272535,0.272535,0.272535,0.335357
+248s,8.192,16,10,protocol,7.5,330,1776,5.38182,800,795,0.99375,0.972222,0.727099,0.398814,0.359434,0.305125,0.271884,0.271884,0.271884,0.271884,0.33483
+249s,10.24,20,10,protocol,7.5,330,1896,5.74545,808,803,0.993812,0.95637,0.73183,0.416103,0.368222,0.315335,0.280096,0.280096,0.280096,0.280096,0.334745
+250s,12.288,24,10,protocol,7.5,340,2044,6.01176,840,839,0.99881,0.947885,0.751942,0.4587,0.387143,0.341999,0.30071,0.30071,0.30071,0.30071,0.334283
+251s,12.288,24,10,protocol,7.5,370,2138,5.77838,1010,1010,1,0.966438,0.77444,0.475313,0.408651,0.353721,0.300355,0.300355,0.300355,0.300355,0.334257
+252s,12.288,24,10,protocol,7.5,370,2228,6.02162,1032,1032,1,0.946684,0.764646,0.473125,0.40941,0.349492,0.29605,0.29605,0.29605,0.29605,0.333768
+253s,12.288,24,10,protocol,7.5,370,2211,5.97568,1060,1059,0.999057,0.947667,0.778283,0.481563,0.41358,0.350865,0.299572,0.299572,0.299572,0.299572,0.333656
+254s,12.288,24,10,protocol,7.5,370,2219,5.9973,1016,1014,0.998031,0.919745,0.765296,0.475686,0.416031,0.340169,0.295736,0.295736,0.295736,0.295736,0.333138
+255s,12.288,24,10,protocol,7.5,370,2232,6.03243,1012,1001,0.98913,0.937541,0.7805,0.500963,0.421436,0.343228,0.303637,0.303637,0.303637,0.303637,0.33299
+256s,12.288,24,10,protocol,7.5,370,2247,6.07297,980,966,0.985714,0.922922,0.749753,0.474391,0.403346,0.331081,0.29726,0.29726,0.29726,0.29726,0.332672
+257s,12.288,24,10,protocol,7.5,370,2144,5.79459,945,937,0.991534,0.94212,0.710878,0.459309,0.381269,0.324195,0.292616,0.292616,0.292616,0.292616,0.332528
+258s,12.288,24,10,protocol,7.5,370,2043,5.52162,906,887,0.979029,0.935596,0.66746,0.428528,0.357908,0.307002,0.277932,0.277932,0.277932,0.277932,0.332033
+259s,12.288,24,10,protocol,7.5,370,2048,5.53514,964,953,0.988589,0.932867,0.661275,0.419686,0.357326,0.305629,0.274595,0.274595,0.274595,0.274595,0.331889
+260s,12.288,24,10,protocol,7.5,370,2002,5.41081,1018,996,0.978389,0.923631,0.684554,0.397727,0.339046,0.299473,0.268384,0.268384,0.268384,0.268384,0.331411
+261s,12.288,24,10,protocol,7.5,370,2160,5.83784,940,933,0.992553,0.956012,0.730536,0.418598,0.348697,0.313994,0.285856,0.285856,0.285856,0.285856,0.331313
+262s,12.288,24,10,protocol,7.5,370,1996,5.39459,934,924,0.989293,0.914286,0.696393,0.400115,0.336236,0.301911,0.272175,0.272175,0.272175,0.272175,0.330841
+263s,12.288,24,10,protocol,7.5,370,2065,5.58108,928,920,0.991379,0.933333,0.683023,0.407256,0.337291,0.300648,0.272088,0.272088,0.272088,0.272088,0.33071
+264s,12.288,24,10,protocol,7.5,370,2059,5.56486,920,911,0.990217,0.932052,0.704369,0.429799,0.350652,0.307025,0.279576,0.279576,0.279576,0.279576,0.330253
+265s,12.288,24,10,protocol,7.5,370,2151,5.81351,950,949,0.998947,0.937417,0.739512,0.43942,0.36814,0.32105,0.289092,0.289092,0.289092,0.289092,0.330136
+266s,10.24,20,10,protocol,7.5,370,2195,5.93243,1002,992,0.99002,0.944588,0.742409,0.432648,0.372665,0.320779,0.285607,0.285607,0.285607,0.285607,0.329961
+267s,10.24,20,10,protocol,7.5,380,2258,5.94211,1024,1014,0.990234,0.921613,0.736774,0.450663,0.389858,0.34137,0.298489,0.298489,0.298489,0.298489,0.329934
+268s,10.24,20,10,protocol,7.5,380,2352,6.18947,1058,1052,0.994329,0.943539,0.770962,0.471143,0.394179,0.351226,0.306491,0.306491,0.306491,0.306491,0.32959
+269s,10.24,20,10,protocol,7.5,380,2345,6.17105,1084,1078,0.994465,0.950237,0.770907,0.473239,0.401715,0.349395,0.304035,0.304035,0.304035,0.304035,0.329562
+270s,10.24,20,10,protocol,7.5,380,2305,6.06579,1141,1108,0.971078,0.942421,0.750873,0.465135,0.410055,0.350081,0.302036,0.302036,0.302036,0.302036,0.329215
+271s,10.24,20,10,protocol,7.5,380,2377,6.25526,1238,1221,0.986268,0.951878,0.741041,0.461722,0.413178,0.346016,0.309515,0.309515,0.309515,0.309515,0.329326
+272s,10.24,20,10,protocol,7.5,390,2424,6.21538,1300,1278,0.983077,0.933937,0.708176,0.455564,0.413207,0.351956,0.320816,0.320816,0.320816,0.320816,0.329002
+273s,10.24,20,10,protocol,7.5,390,2290,5.87179,1346,1304,0.968796,0.936264,0.670412,0.434045,0.391942,0.333644,0.310333,0.310333,0.310333,0.310333,0.328981
+274s,10.24,20,10,protocol,7.5,390,2338,5.99487,1374,1355,0.986172,0.957655,0.680272,0.435835,0.394564,0.331004,0.310881,0.310881,0.310881,0.310881,0.328661
+275s,10.24,20,10,protocol,7.5,390,2375,6.08974,1364,1361,0.997801,0.963978,0.685682,0.443774,0.398915,0.345158,0.317946,0.317946,0.317946,0.317946,0.328641
+276s,10.24,20,10,protocol,7.5,390,2335,5.98718,1372,1356,0.988338,0.951075,0.673769,0.442781,0.396798,0.3492,0.317301,0.317301,0.317301,0.317301,0.328419
+277s,11.776,23,10,protocol,7.5,390,2411,6.18205,1374,1330,0.967977,0.943548,0.669154,0.448333,0.403385,0.362115,0.32691,0.32691,0.32691,0.32691,0.328306
+278s,12.288,24,10,protocol,7.5,390,2500,6.41026,1380,1351,0.978986,0.959574,0.701141,0.469436,0.415469,0.375908,0.34455,0.34455,0.34455,0.34455,0.3279
+279s,12.288,24,10,protocol,7.5,390,2472,6.33846,1372,1336,0.973761,0.931521,0.688122,0.464586,0.413285,0.372832,0.344674,0.344674,0.344674,0.344674,0.327798
+280s,12.288,24,10,protocol,7.5,390,2567,6.58205,1386,1384,0.998557,0.9585,0.719486,0.483453,0.432062,0.38949,0.363505,0.363505,0.363505,0.363505,0.327383
+281s,12.288,24,10,protocol,7.5,390,2522,6.46667,1400,1381,0.986429,0.9375,0.711498,0.481971,0.434171,0.388415,0.362765,0.362765,0.362765,0.362765,0.327335
+282s,12.288,24,10,protocol,7.5,400,2676,6.69,1560,1525,0.977564,0.942921,0.725201,0.4839,0.444171,0.397064,0.373877,0.373877,0.373877,0.373877,0.326908
+283s,12.288,24,10,protocol,7.5,400,2691,6.7275,1631,1609,0.986511,0.95426,0.750841,0.495782,0.45618,0.410478,0.385266,0.385266,0.385266,0.385266,0.326784
+284s,12.288,24,10,protocol,7.5,400,2717,6.7925,1620,1605,0.990741,0.95137,0.754723,0.497111,0.451372,0.410911,0.383968,0.383968,0.383968,0.383968,0.326366
+285s,12.288,24,10,protocol,7.5,400,2722,6.805,1571,1543,0.982177,0.941485,0.756419,0.497556,0.441443,0.409324,0.378337,0.378337,0.378337,0.378337,0.326239
+286s,12.288,24,10,protocol,7.5,400,2755,6.8875,1512,1496,0.989418,0.949362,0.770037,0.506901,0.451249,0.413249,0.385671,0.385671,0.385671,0.385671,0.325983
+287s,12.288,24,10,protocol,7.5,400,2734,6.835,1590,1589,0.999371,0.952822,0.778344,0.516209,0.457685,0.414647,0.388776,0.388776,0.388776,0.388776,0.325864
+288s,12.288,24,10,protocol,7.5,400,2687,6.7175,1594,1540,0.966123,0.921008,0.763103,0.502498,0.440837,0.402656,0.376489,0.376489,0.376489,0.376489,0.325462
+289s,12.288,24,10,protocol,7.5,400,2733,6.8325,1602,1571,0.980649,0.952174,0.815241,0.525974,0.448044,0.406452,0.385977,0.385977,0.385977,0.385977,0.325343
+290s,12.288,24,10,protocol,7.5,400,2764,6.91,1618,1615,0.998146,0.973451,0.861214,0.537041,0.458613,0.419582,0.392411,0.392411,0.392411,0.392411,0.324963
+291s,12.288,24,10,protocol,7.5,400,2729,6.8225,1638,1636,0.998779,0.956774,0.831602,0.523587,0.441252,0.406159,0.374541,0.374541,0.374541,0.374541,0.324913
+292s,12.288,24,10,protocol,7.5,410,2870,7,1742,1703,0.977612,0.930056,0.823,0.538613,0.458411,0.423064,0.395673,0.395673,0.395673,0.395673,0.324523
+293s,12.288,24,10,protocol,7.5,410,2815,6.86585,1684,1631,0.968527,0.928,0.826146,0.512092,0.447037,0.416926,0.388916,0.388916,0.388916,0.388916,0.324425
+294s,12.288,24,10,protocol,7.5,420,2771,6.59762,1682,1627,0.967301,0.942799,0.779644,0.489555,0.423435,0.385003,0.363148,0.363148,0.363148,0.363148,0.324028
+295s,12.288,24,10,protocol,7.5,420,2790,6.64286,1564,1537,0.982737,0.941153,0.800134,0.48336,0.428726,0.385687,0.36422,0.36422,0.36422,0.36422,0.323905
+296s,12.288,24,10,protocol,7.5,420,2746,6.5381,1526,1488,0.975098,0.940032,0.823919,0.483825,0.426073,0.379537,0.361094,0.361094,0.361094,0.361094,0.323605
+297s,12.288,24,10,protocol,7.5,420,2696,6.41905,1552,1526,0.983247,0.92996,0.813553,0.482106,0.420584,0.374193,0.352449,0.352449,0.352449,0.352449,0.32349
+298s,12.288,24,10,protocol,7.5,420,2789,6.64048,1546,1535,0.992885,0.952498,0.842458,0.49543,0.431596,0.384677,0.362462,0.362462,0.362462,0.362462,0.323104
+299s,12.288,24,10,protocol,7.5,420,2718,6.47143,1499,1476,0.984656,0.9414,0.801242,0.478171,0.419436,0.373913,0.351818,0.351818,0.351818,0.351818,0.322991
+300s,12.288,24,10,protocol,7.5,420,2704,6.4381,1484,1463,0.985849,0.938034,0.788316,0.482237,0.423716,0.371077,0.349376,0.349376,0.349376,0.349376,0.322612
,,,,,,,,,,,0.523986701,,,,,,,,,,