SimulationSecond,ReceiveRate,PacketsReceived,NumberOfSinks,RoutingProtocol,TransmissionPower,WavePktsSent,WavePtksReceived,WavePktsPpr,ExpectedWavePktsReceived,ExpectedWavePktsInCoverageReceived,BSM_PDR1,BSM_PDR2,BSM_PDR3,BSM_PDR4,BSM_PDR5,BSM_PDR6,BSM_PDR7,BSM_PDR8,BSM_PDR9,BSM_PDR10,MacPhyOverhead,
+0s,0,0,10,protocol,7.5,0,0,0,0,0,0,0,0,0,0,0,0,0,0,0,0,10
+1s,0,0,10,protocol,7.5,0,0,0,0,0,0,0,0,0,0,0,0,0,0,0,1,10
+2s,4.608,9,10,protocol,7.5,30,254,8.46667,20,20,1,1,1,1,1,1,1,1,1,1,0.806277,10
+3s,12.288,24,10,protocol,7.5,40,292,7.3,40,40,1,1,1,1,1,1,1,1,1,1,0.651871,10
+4s,12.288,24,10,protocol,7.5,40,310,7.75,40,40,1,1,1,1,1,1,1,1,1,1,0.564698,10
+5s,12.288,24,10,protocol,7.5,40,319,7.975,40,40,1,1,1,1,1,1,1,1,1,1,0.532572,10
+6s,12.288,24,10,protocol,7.5,40,320,8,40,40,1,1,1,1,1,1,1,1,1,1,0.490917,10
+7s,12.288,24,10,protocol,7.5,40,316,7.9,40,40,1,1,1,1,1,1,1,1,1,1,0.45977,10
+8s,11.776,23,10,protocol,7.5,40,297,7.425,40,40,1,1,1,1,1,1,1,1,1,1,0.438993,10
+9s,10.24,20,10,protocol,7.5,40,210,5.25,40,40,1,1,1,1,1,1,1,1,1,1,0.431749,10
+10s,8.704,17,10,protocol,7.5,40,112,2.8,40,40,1,1,1,1,1,1,1,1,1,1,0.436531,10
+11s,8.192,16,10,protocol,7.5,40,100,2.5,40,40,1,1,1,1,1,1,1,1,1,1,0.44042,10
+12s,8.192,16,10,protocol,7.5,40,100,2.5,40,40,1,1,1,1,1,1,0.625,0.625,0.625,0.625,0.443541,10
+13s,8.192,16,10,protocol,7.5,40,100,2.5,40,40,1,1,1,1,1,1,0.408163,0.408163,0.408163,0.408163,0.4461,10
+14s,8.192,16,10,protocol,7.5,40,100,2.5,40,40,1,1,1,1,1,1,0.333333,0.333333,0.333333,0.333333,0.448237,10
+15s,8.192,16,10,protocol,7.5,40,100,2.5,40,40,1,1,1,1,1,0.645161,0.333333,0.333333,0.333333,0.333333,0.450417,10
+16s,8.192,16,10,protocol,7.5,40,100,2.5,40,40,1,1,1,1,1,0.487805,0.333333,0.333333,0.333333,0.333333,0.487582,10
+17s,8.192,16,10,protocol,7.5,40,100,2.5,40,40,1,1,1,1,1,0.333333,0.333333,0.333333,0.333333,0.333333,0.486615,10
+18s,8.192,16,10,protocol,7.5,40,100,2.5,40,40,1,1,1,1,0.689655,0.333333,0.333333,0.333333,0.333333,0.333333,0.485893,10
+19s,8.192,16,10,protocol,7.5,40,100,2.5,40,40,1,1,1,1,0.5,0.333333,0.333333,0.333333,0.333333,0.333333,0.493007,10
+20s,8.192,16,10,protocol,7.5,40,100,2.5,40,40,1,1,1,1,0.377358,0.333333,0.333333,0.333333,0.333333,0.333333,0.494447,10
+21s,8.192,16,10,protocol,7.5,40,100,2.5,40,40,1,1,1,0.8,0.333333,0.333333,0.333333,0.333333,0.333333,0.333333,0.496594,10
+22s,8.192,16,10,protocol,7.5,50,190,3.8,40,40,1,1,1,0.5,0.333333,0.333333,0.25,0.25,0.25,0.25,0.494433,10
+23s,8.192,16,10,protocol,7.5,50,190,3.8,40,40,1,1,1,0.465116,0.333333,0.333333,0.25,0.25,0.25,0.25,0.492294,10
+24s,8.192,16,10,protocol,7.5,50,194,3.88,40,40,1,1,1,0.333333,0.333333,0.333333,0.25,0.25,0.25,0.25,0.490918,10
+25s,8.192,16,10,protocol,7.5,50,203,4.06,40,40,1,1,0.512821,0.333333,0.333333,0.285714,0.25,0.25,0.25,0.25,0.489402,10
+26s,8.192,16,10,protocol,7.5,50,214,4.28,40,40,1,1,0.575,0.383333,0.383333,0.328571,0.2875,0.2875,0.2875,0.2875,0.487507,10
+27s,8.192,16,10,protocol,7.5,50,245,4.9,40,39,0.975,0.978261,0.703704,0.633333,0.633333,0.542857,0.475,0.475,0.475,0.475,0.485768,10
+28s,8.192,16,10,protocol,7.5,60,292,4.86667,40,40,1,1,0.716667,0.716667,0.716667,0.477778,0.40566,0.40566,0.40566,0.40566,0.483058,10
+29s,8.192,16,10,protocol,7.5,60,306,5.1,40,40,1,1,0.966667,0.966667,0.966667,0.644444,0.527273,0.527273,0.527273,0.527273,0.480652,10
+30s,6.656,13,10,protocol,7.5,60,263,4.38333,54,54,1,1,1,1,1,0.652174,0.521739,0.521739,0.521739,0.521739,0.480244,10
+31s,6.144,12,10,protocol,7.5,60,230,3.83333,76,76,1,1,1,1,1,0.6,0.487805,0.487805,0.487805,0.487805,0.495914,10
+32s,6.144,12,10,protocol,7.5,60,230,3.83333,100,100,1,1,1,1,1,0.6,0.451128,0.451128,0.451128,0.451128,0.495494,10
+33s,6.144,12,10,protocol,7.5,70,320,4.57143,118,118,1,1,1,1,1,0.526316,0.428571,0.428571,0.428571,0.428571,0.495406,10
+34s,6.144,12,10,protocol,7.5,70,320,4.57143,102,102,1,1,1,1,0.967742,0.483871,0.428571,0.428571,0.428571,0.428571,0.495902,10
+35s,6.144,12,10,protocol,7.5,70,307,4.38571,76,76,1,1,1,1,0.779221,0.491803,0.428571,0.428571,0.428571,0.428571,0.496081,10
+36s,6.144,12,10,protocol,7.5,70,300,4.28571,56,56,1,1,1,1,0.659341,0.46875,0.428571,0.428571,0.428571,0.428571,0.497143,10
+37s,6.144,12,10,protocol,7.5,70,295,4.21429,40,40,1,1,1,0.857143,0.6,0.461538,0.428571,0.428571,0.428571,0.428571,0.496244,10
+38s,6.144,12,10,protocol,7.5,70,267,3.81429,40,40,1,1,0.891667,0.677215,0.535,0.411538,0.382143,0.382143,0.382143,0.382143,0.495998,10
+39s,6.144,12,10,protocol,7.5,70,249,3.55714,40,40,1,0.983333,0.689394,0.56875,0.429245,0.376033,0.325,0.325,0.325,0.325,0.49539,10
+40s,6.144,12,10,protocol,7.5,70,225,3.21429,40,39,0.975,0.975,0.436709,0.43125,0.294872,0.2875,0.246429,0.246429,0.246429,0.246429,0.494637,10
+41s,6.144,12,10,protocol,7.5,70,227,3.24286,40,40,1,1,0.478873,0.425,0.283333,0.283333,0.242857,0.242857,0.242857,0.242857,0.494288,10
+42s,6.144,12,10,protocol,7.5,70,238,3.4,40,39,0.975,0.977273,0.606061,0.5,0.333333,0.327869,0.285714,0.285714,0.285714,0.285714,0.493442,10
+43s,6.144,12,10,protocol,7.5,80,325,4.0625,56,56,1,0.965116,0.795082,0.521505,0.373077,0.346429,0.323333,0.323333,0.323333,0.323333,0.492151,10
+44s,6.144,12,10,protocol,7.5,80,322,4.025,40,40,1,0.97,0.808333,0.538889,0.373077,0.346429,0.303125,0.303125,0.303125,0.303125,0.491061,10
+45s,6.144,12,10,protocol,7.5,80,329,4.1125,36,36,1,0.99,0.951923,0.592814,0.383721,0.353571,0.280453,0.280453,0.280453,0.280453,0.489998,10
+46s,6.144,12,10,protocol,7.5,80,322,4.025,20,20,1,1,0.97,0.613924,0.429204,0.346429,0.269444,0.269444,0.269444,0.269444,0.498574,10
+47s,6.144,12,10,protocol,7.5,80,313,3.9125,28,28,1,1,0.96,0.607595,0.436364,0.333333,0.266667,0.266667,0.266667,0.266667,0.497163,10
+48s,6.144,12,10,protocol,7.5,80,305,3.8125,40,38,0.95,0.95,0.84,0.6,0.451613,0.26087,0.219895,0.219895,0.219895,0.219895,0.496392,10
+49s,6.144,12,10,protocol,7.5,80,309,3.8625,40,40,1,1,0.8,0.571429,0.444444,0.25,0.2,0.2,0.2,0.2,0.496417,10
+50s,6.144,12,10,protocol,7.5,80,305,3.8125,40,40,1,0.985714,0.79,0.564286,0.434066,0.251592,0.1975,0.1975,0.1975,0.1975,0.49445,10
+51s,6.144,12,10,protocol,7.5,80,292,3.65,40,40,1,1,0.75,0.580645,0.378947,0.246575,0.18,0.18,0.18,0.18,0.491201,10
+52s,4.096,8,10,protocol,7.5,80,256,3.2,40,40,1,1,0.75,0.491803,0.277778,0.208333,0.157895,0.157895,0.157895,0.157895,0.489485,10
+53s,4.096,8,10,protocol,7.5,80,232,2.9,24,22,0.916667,0.966667,0.783784,0.414286,0.27619,0.204225,0.15847,0.15847,0.15847,0.15847,0.487439,10
+54s,4.096,8,10,protocol,7.5,80,250,3.125,20,20,1,1,1,0.491803,0.3,0.214286,0.170455,0.170455,0.170455,0.170455,0.485345,10
+55s,4.096,8,10,protocol,7.5,90,259,2.87778,20,20,1,1,0.566038,0.3125,0.215827,0.166667,0.141509,0.141509,0.141509,0.141509,0.483153,10
+56s,4.096,8,10,protocol,7.5,90,264,2.93333,20,20,1,1,0.541667,0.300926,0.249042,0.180556,0.154762,0.154762,0.154762,0.154762,0.480606,10
+57s,4.096,8,10,protocol,7.5,90,283,3.14444,20,20,1,1,0.629032,0.386139,0.280576,0.216667,0.19403,0.19403,0.19403,0.19403,0.478076,10
+58s,4.096,8,10,protocol,7.5,90,276,3.06667,20,20,1,0.966667,0.608333,0.405556,0.268382,0.202778,0.192105,0.192105,0.192105,0.192105,0.475678,10
+59s,4.096,8,10,protocol,7.5,90,283,3.14444,20,20,1,1,0.544118,0.411111,0.284615,0.228395,0.194737,0.194737,0.194737,0.194737,0.473586,10
+60s,4.096,8,10,protocol,7.5,90,296,3.28889,20,20,1,1,0.506329,0.40404,0.3125,0.266667,0.210526,0.210526,0.210526,0.210526,0.471399,10
+61s,4.096,8,10,protocol,7.5,90,314,3.48889,20,20,1,0.942308,0.65,0.472727,0.433333,0.353741,0.290503,0.290503,0.290503,0.290503,0.475689,10
+62s,4.096,8,10,protocol,7.5,90,329,3.65556,20,20,1,0.928571,0.70625,0.565,0.470833,0.403571,0.332353,0.332353,0.332353,0.332353,0.472924,10
+63s,4.096,8,10,protocol,7.5,90,325,3.61111,20,20,1,0.988636,0.58046,0.505,0.420833,0.341216,0.295322,0.295322,0.295322,0.295322,0.470576,10
+64s,4.096,8,10,protocol,7.5,130,682,5.24615,66,66,1,0.971963,0.703911,0.63,0.545455,0.466667,0.381818,0.381818,0.381818,0.381818,0.467316,10
+65s,4.096,8,10,protocol,7.5,130,736,5.66154,88,88,1,0.943182,0.768786,0.665,0.554167,0.492593,0.415625,0.415625,0.415625,0.415625,0.464721,10
+66s,4.096,8,10,protocol,7.5,130,762,5.86154,102,93,0.911765,0.908451,0.808989,0.72,0.6,0.512456,0.43769,0.43769,0.43769,0.43769,0.461322,10
+67s,4.096,8,10,protocol,7.5,130,864,6.64615,152,152,1,1,0.994118,0.808612,0.704167,0.563333,0.512121,0.512121,0.512121,0.512121,0.458061,10
+68s,4.096,8,10,protocol,7.5,130,864,6.64615,196,196,1,1,1,0.779817,0.699588,0.537975,0.515152,0.515152,0.515152,0.515152,0.454775,10
+69s,4.096,8,10,protocol,7.5,130,807,6.20769,192,190,0.989583,0.976471,0.976471,0.790476,0.656126,0.51875,0.50303,0.50303,0.50303,0.50303,0.451748,10
+70s,3.072,6,10,protocol,7.5,130,821,6.31538,168,168,1,1,1,0.825243,0.636704,0.53125,0.515152,0.515152,0.515152,0.515152,0.448894,10
+71s,2.048,4,10,protocol,7.5,130,738,5.67692,119,115,0.966387,0.955128,0.908824,0.739234,0.530928,0.482812,0.468182,0.468182,0.468182,0.468182,0.446483,10
+72s,2.048,4,10,protocol,7.5,130,689,5.3,100,100,1,0.992647,0.904192,0.712264,0.510135,0.472613,0.460366,0.460366,0.460366,0.460366,0.444054,10
+73s,2.048,4,10,protocol,7.5,130,569,4.37692,98,95,0.969388,0.945833,0.817073,0.609091,0.462069,0.432258,0.409786,0.409786,0.409786,0.409786,0.441921,10
+74s,2.048,4,10,protocol,7.5,130,543,4.17692,80,79,0.9875,0.970588,0.819876,0.608295,0.464789,0.425806,0.39521,0.39521,0.39521,0.39521,0.439672,10
+75s,2.048,4,10,protocol,7.5,130,536,4.12308,74,74,1,0.966981,0.755882,0.611905,0.46223,0.414516,0.369253,0.369253,0.369253,0.369253,0.437756,10
+76s,4.096,8,10,protocol,7.5,130,517,3.97692,70,70,1,0.962963,0.778125,0.595694,0.478846,0.400322,0.349719,0.349719,0.349719,0.349719,0.444106,10
+77s,4.096,8,10,protocol,7.5,130,484,3.72308,80,80,1,0.95614,0.809211,0.585714,0.49004,0.389241,0.332432,0.332432,0.332432,0.332432,0.442283,10
+78s,2.048,4,10,protocol,7.5,130,498,3.83077,80,78,0.975,0.966346,0.809859,0.547619,0.5,0.360502,0.286783,0.286783,0.286783,0.286783,0.441883,10
+79s,2.048,4,10,protocol,7.5,130,473,3.63846,94,91,0.968085,0.97,0.761589,0.547619,0.506608,0.365079,0.27381,0.27381,0.27381,0.27381,0.441835,10
+80s,2.048,4,10,protocol,7.5,130,489,3.76154,84,84,1,0.989247,0.653125,0.497619,0.464444,0.34375,0.23536,0.23536,0.23536,0.23536,0.442966,10
+81s,2.048,4,10,protocol,7.5,130,475,3.65385,80,80,1,0.977778,0.653125,0.514778,0.444681,0.318598,0.224731,0.224731,0.224731,0.224731,0.443066,10
+82s,2.048,4,10,protocol,7.5,130,480,3.69231,83,82,0.987952,0.977011,0.625,0.52356,0.4,0.296736,0.209644,0.209644,0.209644,0.209644,0.442716,10
+83s,2.048,4,10,protocol,7.5,130,473,3.63846,68,67,0.985294,0.938889,0.646853,0.486842,0.37,0.253425,0.196809,0.196809,0.196809,0.196809,0.442252,10
+84s,2.048,4,10,protocol,7.5,130,443,3.40769,60,60,1,0.897849,0.692607,0.436275,0.33271,0.228205,0.190171,0.190171,0.190171,0.190171,0.441984,10
+85s,2.048,4,10,protocol,7.5,140,532,3.8,60,60,1,0.97093,0.8125,0.423913,0.342105,0.230496,0.198777,0.198777,0.198777,0.198777,0.441519,10
+86s,2.048,4,10,protocol,7.5,140,481,3.43571,68,68,1,0.96875,0.716102,0.384091,0.279801,0.196512,0.177521,0.177521,0.177521,0.177521,0.440968,10
+87s,2.048,4,10,protocol,7.5,140,474,3.38571,96,96,1,0.9625,0.663793,0.351598,0.223837,0.17907,0.16383,0.16383,0.16383,0.16383,0.4403,10
+88s,2.048,4,10,protocol,7.5,140,476,3.4,100,100,1,0.96875,0.603846,0.355204,0.221127,0.178409,0.168455,0.168455,0.168455,0.168455,0.439656,10
+89s,2.048,4,10,protocol,7.5,140,507,3.62143,100,97,0.97,0.9625,0.655303,0.403263,0.235695,0.197941,0.186022,0.186022,0.186022,0.186022,0.43897,10
+90s,2.048,4,10,protocol,7.5,140,530,3.78571,86,86,1,0.9375,0.698582,0.42094,0.266216,0.228009,0.209574,0.209574,0.209574,0.209574,0.438249,10
+91s,2.048,4,10,protocol,7.5,140,532,3.8,74,74,1,0.950276,0.734899,0.401099,0.293566,0.254651,0.224846,0.224846,0.224846,0.224846,0.442193,10
+92s,2.048,4,10,protocol,7.5,140,560,4,58,58,1,0.96729,0.795455,0.402961,0.344101,0.284884,0.243539,0.243539,0.243539,0.243539,0.440814,10
+93s,2.048,4,10,protocol,7.5,140,555,3.96429,60,59,0.983333,0.9125,0.777439,0.422185,0.367435,0.296512,0.251479,0.251479,0.251479,0.251479,0.439488,10
+94s,2.048,4,10,protocol,7.5,140,578,4.12857,60,60,1,0.932806,0.759887,0.448333,0.400894,0.309195,0.263725,0.263725,0.263725,0.263725,0.438312,10
+95s,2.048,4,10,protocol,7.5,150,609,4.06,86,84,0.976744,0.914634,0.67381,0.445669,0.401989,0.298523,0.262037,0.262037,0.262037,0.262037,0.437454,10
+96s,2.048,4,10,protocol,7.5,150,629,4.19333,110,104,0.945455,0.910714,0.61087,0.439063,0.390278,0.295789,0.252244,0.252244,0.252244,0.252244,0.43631,10
+97s,2.048,4,10,protocol,7.5,150,697,4.64667,132,129,0.977273,0.958333,0.714583,0.535937,0.475069,0.352881,0.300877,0.300877,0.300877,0.300877,0.436803,10
+98s,2.048,4,10,protocol,7.5,150,736,4.90667,124,123,0.991935,0.975862,0.78481,0.586751,0.493369,0.373494,0.322917,0.322917,0.322917,0.322917,0.435851,10
+99s,0.512,1,10,protocol,7.5,150,760,5.06667,135,128,0.948148,0.925,0.848018,0.620968,0.48125,0.377451,0.326271,0.326271,0.326271,0.326271,0.435387,10
+100s,0,0,10,protocol,7.5,150,759,5.06,100,100,1,0.980663,0.813808,0.611635,0.468675,0.374038,0.333048,0.333048,0.333048,0.333048,0.435029,10
+101s,0,0,10,protocol,7.5,150,725,4.83333,140,135,0.964286,0.934211,0.783333,0.573171,0.421525,0.356736,0.325823,0.325823,0.325823,0.325823,0.434708,10
+102s,0,0,10,protocol,7.5,150,705,4.7,160,155,0.96875,0.971053,0.822449,0.606928,0.434267,0.380189,0.354754,0.354754,0.354754,0.354754,0.434303,10
+103s,0,0,10,protocol,7.5,150,716,4.77333,164,164,1,0.976064,0.776062,0.598214,0.42766,0.372222,0.356383,0.356383,0.356383,0.356383,0.433883,10
+104s,0,0,10,protocol,7.5,150,751,5.00667,179,179,1,0.985955,0.769091,0.581044,0.444328,0.391667,0.367826,0.367826,0.367826,0.367826,0.433503,10
+105s,0,0,10,protocol,7.5,160,759,4.74375,160,158,0.9875,0.942623,0.736207,0.525862,0.422772,0.355833,0.318182,0.318182,0.318182,0.318182,0.433079,10
+106s,0,0,10,protocol,7.5,160,711,4.44375,134,131,0.977612,0.944149,0.708621,0.489286,0.395954,0.34193,0.292319,0.292319,0.292319,0.292319,0.437124,10
+107s,0,0,10,protocol,7.5,160,683,4.26875,127,125,0.984252,0.923567,0.613115,0.431871,0.353497,0.305057,0.26338,0.26338,0.26338,0.26338,0.436984,10
+108s,0,0,10,protocol,7.5,160,703,4.39375,156,152,0.974359,0.930723,0.595745,0.427015,0.36773,0.312102,0.271093,0.271093,0.271093,0.271093,0.436849,10
+109s,0,0,10,protocol,7.5,160,674,4.2125,160,158,0.9875,0.908571,0.533528,0.378882,0.338889,0.275602,0.250685,0.250685,0.250685,0.250685,0.437378,10
+110s,0,0,10,protocol,7.5,160,663,4.14375,160,152,0.95,0.861272,0.52381,0.378543,0.344383,0.269452,0.256164,0.256164,0.256164,0.256164,0.438989,10
+111s,0,0,10,protocol,7.5,160,755,4.71875,156,151,0.967949,0.90137,0.563003,0.42,0.375671,0.302594,0.287671,0.287671,0.287671,0.287671,0.439458,10
+112s,4.608,9,10,protocol,7.5,160,712,4.45,142,138,0.971831,0.902381,0.572944,0.431138,0.364865,0.313043,0.295688,0.295688,0.295688,0.295688,0.440258,10
+113s,2.048,4,10,protocol,7.5,160,751,4.69375,186,184,0.989247,0.90553,0.618852,0.452096,0.376872,0.328261,0.308583,0.308583,0.308583,0.308583,0.440867,10
+114s,2.048,4,10,protocol,7.5,160,810,5.0625,244,236,0.967213,0.950495,0.696429,0.515244,0.408871,0.365801,0.34726,0.34726,0.34726,0.34726,0.44128,10
+115s,2.048,4,10,protocol,7.5,160,824,5.15,314,314,1,0.969697,0.75,0.494118,0.391304,0.36,0.348548,0.348548,0.348548,0.348548,0.441646,10
+116s,2.048,4,10,protocol,7.5,160,850,5.3125,342,342,1,0.989879,0.842949,0.521825,0.399696,0.370945,0.364771,0.364771,0.364771,0.364771,0.441623,10
+117s,2.048,4,10,protocol,7.5,160,858,5.3625,358,356,0.994413,0.996,0.880795,0.533066,0.408602,0.374648,0.368421,0.368421,0.368421,0.368421,0.441602,10
+118s,2.048,4,10,protocol,7.5,160,862,5.3875,390,390,1,0.998,0.81459,0.554865,0.416796,0.377465,0.372222,0.372222,0.372222,0.372222,0.441604,10
+119s,2.048,4,10,protocol,7.5,160,893,5.58125,404,402,0.99505,0.981707,0.807122,0.584946,0.423017,0.383099,0.377778,0.377778,0.377778,0.377778,0.441637,10
+120s,2.048,4,10,protocol,7.5,160,929,5.80625,412,407,0.987864,0.971074,0.883824,0.653261,0.473601,0.425637,0.412209,0.412209,0.412209,0.412209,0.44167,10
+121s,5.12,10,10,protocol,7.5,160,961,6.00625,372,363,0.975806,0.954064,0.922961,0.684978,0.531304,0.430282,0.415929,0.415929,0.415929,0.415929,0.444959,10
+122s,4.096,8,10,protocol,7.5,160,949,5.93125,348,348,1,0.991554,0.911243,0.738609,0.554955,0.435644,0.416216,0.416216,0.416216,0.416216,0.444837,10
+123s,2.048,4,10,protocol,7.5,160,913,5.70625,318,311,0.977987,0.978333,0.896142,0.760705,0.549091,0.432665,0.410884,0.410884,0.410884,0.410884,0.445111,10
+124s,2.048,4,10,protocol,7.5,160,931,5.81875,321,319,0.993769,0.980357,0.89497,0.815364,0.57729,0.46467,0.416667,0.416667,0.416667,0.416667,0.445532,10
+125s,2.048,4,10,protocol,7.5,160,880,5.5,288,286,0.993056,0.930451,0.841867,0.741379,0.56012,0.449718,0.385517,0.385517,0.385517,0.385517,0.446502,10
+126s,2.048,4,10,protocol,7.5,190,1026,5.4,320,320,1,0.94974,0.783816,0.660896,0.515079,0.442701,0.355033,0.355033,0.355033,0.355033,0.447119,10
+127s,2.048,4,10,protocol,7.5,200,1062,5.31,312,297,0.951923,0.928437,0.821343,0.70911,0.53937,0.460969,0.369471,0.369471,0.369471,0.369471,0.447078,10
+128s,2.048,4,10,protocol,7.5,200,962,4.81,260,251,0.965385,0.892857,0.711864,0.609959,0.466667,0.390957,0.323967,0.323967,0.323967,0.323967,0.446865,10
+129s,2.048,4,10,protocol,7.5,200,967,4.835,222,222,1,0.968872,0.734414,0.626596,0.46746,0.391102,0.326497,0.326497,0.326497,0.326497,0.446793,10
+130s,0.512,1,10,protocol,7.5,200,831,4.155,200,191,0.955,0.886719,0.633065,0.494748,0.378617,0.308246,0.264607,0.264607,0.264607,0.264607,0.44709,10
+131s,0,0,10,protocol,7.5,200,919,4.595,192,192,1,0.92437,0.733236,0.551535,0.409609,0.321611,0.288087,0.288087,0.288087,0.288087,0.447595,10
+132s,0,0,10,protocol,7.5,200,894,4.47,200,195,0.975,0.924658,0.804714,0.539503,0.400335,0.301768,0.275346,0.275346,0.275346,0.275346,0.447938,10
+133s,0,0,10,protocol,7.5,200,842,4.21,196,190,0.969388,0.944712,0.777586,0.529965,0.389465,0.289103,0.263743,0.263743,0.263743,0.263743,0.448203,10
+134s,0,0,10,protocol,7.5,200,773,3.865,168,167,0.994048,0.92402,0.686411,0.484625,0.34083,0.249367,0.232861,0.232861,0.232861,0.232861,0.448404,10
+135s,0,0,10,protocol,7.5,200,780,3.9,150,149,0.993333,0.945,0.716117,0.526954,0.335911,0.250641,0.226012,0.226012,0.226012,0.226012,0.448595,10
+136s,3.584,7,10,protocol,7.5,200,720,3.6,140,140,1,0.94,0.688645,0.505376,0.324138,0.243208,0.214857,0.214857,0.214857,0.214857,0.451605,10
+137s,4.096,8,10,protocol,7.5,200,749,3.745,140,140,1,0.923469,0.666667,0.477922,0.307179,0.238342,0.206974,0.206974,0.206974,0.206974,0.451706,10
+138s,4.096,8,10,protocol,7.5,200,760,3.8,140,140,1,0.936464,0.698182,0.492308,0.319468,0.24647,0.220436,0.220436,0.220436,0.220436,0.451873,10
+139s,4.096,8,10,protocol,7.5,200,746,3.73,140,138,0.985714,0.961538,0.692708,0.516839,0.3325,0.253173,0.226962,0.226962,0.226962,0.226962,0.452229,10
+140s,3.072,6,10,protocol,7.5,200,781,3.905,150,150,1,0.910811,0.649485,0.463235,0.310345,0.238035,0.206783,0.206783,0.206783,0.206783,0.452845,10
+141s,2.048,4,10,protocol,7.5,200,772,3.86,164,164,1,0.928571,0.640264,0.466346,0.311396,0.25,0.214602,0.214602,0.214602,0.214602,0.453309,10
+142s,2.048,4,10,protocol,7.5,200,819,4.095,180,180,1,0.935135,0.66242,0.474886,0.340426,0.278075,0.232923,0.232923,0.232923,0.232923,0.454683,10
+143s,2.048,4,10,protocol,7.5,200,862,4.31,210,210,1,0.960106,0.776667,0.506522,0.375806,0.319178,0.264773,0.264773,0.264773,0.264773,0.4552,10
+144s,2.048,4,10,protocol,7.5,200,954,4.77,240,239,0.995833,0.950495,0.78013,0.515054,0.361782,0.322342,0.277199,0.277199,0.277199,0.277199,0.455491,10
+145s,2.048,4,10,protocol,7.5,200,867,4.335,254,253,0.996063,0.925,0.689231,0.496674,0.336084,0.303523,0.267622,0.267622,0.267622,0.267622,0.455947,10
+146s,2.048,4,10,protocol,7.5,200,855,4.275,270,267,0.988889,0.936364,0.659091,0.488764,0.330547,0.299175,0.257092,0.257092,0.257092,0.257092,0.45635,10
+147s,2.048,4,10,protocol,7.5,210,961,4.57619,322,321,0.996894,0.964583,0.68608,0.5,0.357249,0.322,0.271348,0.271348,0.271348,0.271348,0.456794,10
+148s,2.048,4,10,protocol,7.5,210,1020,4.85714,350,346,0.988571,0.97,0.718056,0.511881,0.379589,0.344667,0.288827,0.288827,0.288827,0.288827,0.457099,10
+149s,2.048,4,10,protocol,7.5,210,957,4.55714,348,334,0.95977,0.943137,0.722222,0.5,0.380117,0.344371,0.290179,0.290179,0.290179,0.290179,0.457363,10
+150s,2.048,4,10,protocol,7.5,210,1102,5.24762,330,329,0.99697,0.992278,0.803789,0.575581,0.441964,0.383721,0.33,0.33,0.33,0.33,0.457628,10
+151s,2.048,4,10,protocol,7.5,210,1024,4.87619,320,308,0.9625,0.894545,0.737903,0.553427,0.41528,0.344417,0.30198,0.30198,0.30198,0.30198,0.468076,10
+152s,2.048,4,10,protocol,7.5,210,979,4.6619,300,287,0.956667,0.893617,0.691517,0.543434,0.403904,0.330467,0.295604,0.295604,0.295604,0.295604,0.474629,10
+153s,3.584,7,10,protocol,7.5,210,981,4.67143,298,290,0.973154,0.913919,0.689744,0.57234,0.396171,0.327649,0.29528,0.29528,0.29528,0.29528,0.479904,10
+154s,4.096,8,10,protocol,7.5,210,965,4.59524,318,309,0.971698,0.931227,0.725131,0.602174,0.395714,0.333735,0.306077,0.306077,0.306077,0.306077,0.484608,10
+155s,4.096,8,10,protocol,7.5,210,940,4.47619,322,307,0.953416,0.918519,0.747297,0.584567,0.378767,0.333937,0.307222,0.307222,0.307222,0.307222,0.487907,10
+156s,4.096,8,10,protocol,7.5,210,1009,4.80476,318,316,0.993711,0.974729,0.770667,0.595876,0.401947,0.348193,0.311087,0.311087,0.311087,0.311087,0.487951,10
+157s,4.096,8,10,protocol,7.5,220,1016,4.61818,268,266,0.992537,0.946844,0.751244,0.586408,0.398943,0.343182,0.307536,0.307536,0.307536,0.307536,0.488018,10
+158s,4.096,8,10,protocol,7.5,220,1151,5.23182,228,226,0.991228,0.966019,0.765207,0.591722,0.417663,0.354966,0.310924,0.310924,0.310924,0.310924,0.487843,10
+159s,4.096,8,10,protocol,7.5,220,1147,5.21364,220,220,1,0.921389,0.77561,0.561837,0.426273,0.361364,0.311459,0.311459,0.311459,0.311459,0.487762,10
+160s,4.096,8,10,protocol,7.5,230,1078,4.68696,232,230,0.991379,0.934545,0.757353,0.527304,0.392381,0.332258,0.280399,0.280399,0.280399,0.280399,0.487536,10
+161s,4.096,8,10,protocol,7.5,230,1041,4.52609,264,258,0.977273,0.917625,0.659379,0.473554,0.367308,0.304463,0.252868,0.252868,0.252868,0.252868,0.487349,10
+162s,4.096,8,10,protocol,7.5,230,1051,4.56957,280,276,0.985714,0.957831,0.620873,0.470161,0.372286,0.314795,0.249358,0.249358,0.249358,0.249358,0.48714,10
+163s,4.096,8,10,protocol,7.5,230,1024,4.45217,292,289,0.989726,0.936,0.577244,0.44525,0.354487,0.297953,0.233333,0.233333,0.233333,0.233333,0.486962,10
+164s,4.096,8,10,protocol,7.5,230,1014,4.4087,292,287,0.982877,0.946215,0.6174,0.465981,0.374682,0.313966,0.254758,0.254758,0.254758,0.254758,0.486829,10
+165s,4.096,8,10,protocol,7.5,230,1066,4.63478,270,265,0.981481,0.944649,0.661957,0.483333,0.372249,0.313918,0.260034,0.260034,0.260034,0.260034,0.486637,10
+166s,4.096,8,10,protocol,7.5,230,977,4.24783,276,274,0.992754,0.928044,0.632321,0.47553,0.359433,0.29504,0.251618,0.251618,0.251618,0.251618,0.488375,10
+167s,4.096,8,10,protocol,7.5,230,963,4.18696,300,291,0.97,0.937037,0.626866,0.486755,0.358537,0.295181,0.260177,0.260177,0.260177,0.260177,0.487668,10
+168s,4.096,8,10,protocol,7.5,240,1123,4.67917,374,367,0.981283,0.937086,0.64375,0.520954,0.389309,0.333796,0.282524,0.282524,0.282524,0.282524,0.486933,10
+169s,3.072,6,10,protocol,7.5,240,1182,4.925,400,399,0.9975,0.952239,0.689748,0.571109,0.40411,0.350869,0.299609,0.299609,0.299609,0.299609,0.486323,10
+170s,2.048,4,10,protocol,7.5,240,1158,4.825,414,406,0.980676,0.960114,0.669912,0.550946,0.401805,0.342844,0.294782,0.294782,0.294782,0.294782,0.486112,10
+171s,2.048,4,10,protocol,7.5,240,1092,4.55,444,432,0.972973,0.922222,0.656716,0.506111,0.373277,0.319564,0.272868,0.272868,0.272868,0.272868,0.48676,10
+172s,2.048,4,10,protocol,7.5,240,1172,4.88333,496,494,0.995968,0.940341,0.695446,0.514747,0.401864,0.336547,0.283669,0.283669,0.283669,0.283669,0.488515,10
+173s,2.048,4,10,protocol,7.5,240,1177,4.90417,518,513,0.990347,0.957101,0.750501,0.512312,0.417969,0.352305,0.29593,0.29593,0.29593,0.29593,0.489966,10
+174s,2.048,4,10,protocol,7.5,240,1192,4.96667,508,499,0.982283,0.963359,0.76004,0.522069,0.426719,0.360476,0.303772,0.303772,0.303772,0.303772,0.489689,10
+175s,2.048,4,10,protocol,7.5,240,1156,4.81667,468,459,0.980769,0.974006,0.753024,0.514463,0.419663,0.35948,0.305022,0.305022,0.305022,0.305022,0.489311,10
+176s,2.048,4,10,protocol,7.5,240,1159,4.82917,422,420,0.995261,0.960843,0.753,0.520747,0.427355,0.36412,0.315327,0.315327,0.315327,0.315327,0.48885,10
+177s,2.048,4,10,protocol,7.5,240,1129,4.70417,374,362,0.967914,0.902736,0.678063,0.514409,0.401124,0.345595,0.306044,0.306044,0.306044,0.306044,0.488397,10
+178s,2.048,4,10,protocol,7.5,240,1219,5.07917,346,338,0.976879,0.944109,0.725775,0.560629,0.431452,0.363592,0.320359,0.320359,0.320359,0.320359,0.48799,10
+179s,2.048,4,10,protocol,7.5,240,1163,4.84583,316,311,0.984177,0.914826,0.740964,0.544248,0.43617,0.358252,0.31701,0.31701,0.31701,0.31701,0.487514,10
+180s,2.048,4,10,protocol,7.5,240,1212,5.05,294,293,0.996599,0.933871,0.755144,0.539706,0.441106,0.355276,0.315563,0.315563,0.315563,0.315563,0.487014,10
+181s,4.096,8,10,protocol,7.5,240,1183,4.92917,314,312,0.993631,0.941935,0.740125,0.529762,0.455826,0.341979,0.300169,0.300169,0.300169,0.300169,0.489391,10
+182s,4.096,8,10,protocol,7.5,240,1100,4.58333,340,335,0.985294,0.950704,0.684435,0.489329,0.436141,0.310295,0.272727,0.272727,0.272727,0.272727,0.490321,10
+183s,4.096,8,10,protocol,7.5,240,1014,4.225,356,350,0.983146,0.974708,0.61588,0.445652,0.394231,0.284158,0.242399,0.242399,0.242399,0.242399,0.491226,10
+184s,4.096,8,10,protocol,7.5,240,945,3.9375,428,424,0.990654,0.992,0.613475,0.405469,0.355967,0.258724,0.220851,0.220851,0.220851,0.220851,0.492166,10
+185s,4.096,8,10,protocol,7.5,240,953,3.97083,440,440,1,1,0.617284,0.390625,0.338753,0.25025,0.215332,0.215332,0.215332,0.215332,0.49335,10
+186s,4.096,8,10,protocol,7.5,240,946,3.94167,456,455,0.997807,0.998,0.690411,0.39375,0.332454,0.268657,0.218087,0.218087,0.218087,0.218087,0.494406,10
+187s,4.096,8,10,protocol,7.5,250,992,3.968,508,506,0.996063,0.996429,0.797003,0.419957,0.346975,0.29771,0.236459,0.236459,0.236459,0.236459,0.495599,10
+188s,4.096,8,10,protocol,7.5,280,1225,4.375,580,580,1,0.985215,0.893617,0.514076,0.40856,0.352645,0.285714,0.285714,0.285714,0.285714,0.496272,10
+189s,4.096,8,10,protocol,7.5,280,1245,4.44643,578,574,0.99308,0.990278,0.932462,0.525476,0.3974,0.351684,0.287248,0.287248,0.287248,0.287248,0.496937,10
+190s,4.096,8,10,protocol,7.5,280,1153,4.11786,584,584,1,0.997268,0.852495,0.469534,0.36055,0.323457,0.262613,0.262613,0.262613,0.262613,0.496043,10
+191s,4.096,8,10,protocol,7.5,280,1163,4.15357,516,516,1,0.988,0.801636,0.466112,0.359633,0.314354,0.269601,0.269601,0.269601,0.269601,0.495168,10
+192s,4.096,8,10,protocol,7.5,280,1135,4.05357,500,496,0.992,0.976839,0.762,0.461818,0.352778,0.30071,0.257519,0.257519,0.257519,0.257519,0.494292,10
+193s,4.096,8,10,protocol,7.5,280,1129,4.03214,476,473,0.993697,0.973404,0.764471,0.459784,0.356279,0.296899,0.252639,0.252639,0.252639,0.252639,0.493437,10
+194s,4.096,8,10,protocol,7.5,280,1080,3.85714,440,438,0.995455,0.965084,0.732759,0.448944,0.357477,0.292655,0.253311,0.253311,0.253311,0.253311,0.492599,10
+195s,4.096,8,10,protocol,7.5,280,1107,3.95357,440,440,1,0.960598,0.676417,0.420455,0.347744,0.28212,0.243261,0.243261,0.243261,0.243261,0.491767,10
+196s,4.096,8,10,protocol,7.5,280,1103,3.93929,440,440,1,0.932,0.683579,0.415825,0.349858,0.280045,0.244554,0.244554,0.244554,0.244554,0.49332,10
+197s,4.096,8,10,protocol,7.5,280,1106,3.95,448,448,1,0.942935,0.723384,0.420442,0.353953,0.280812,0.250659,0.250659,0.250659,0.250659,0.493666,10
+198s,4.096,8,10,protocol,7.5,280,1096,3.91429,472,470,0.995763,0.920918,0.677936,0.418681,0.358757,0.278917,0.252485,0.252485,0.252485,0.252485,0.493984,10
+199s,4.096,8,10,protocol,7.5,280,1225,4.375,484,484,1,0.969974,0.715398,0.447027,0.39381,0.301825,0.272937,0.272937,0.272937,0.272937,0.49437,10
+200s,4.096,8,10,protocol,7.5,280,1250,4.46429,530,530,1,0.978426,0.758261,0.479121,0.40939,0.327327,0.284224,0.284224,0.284224,0.284224,0.494812,10
+201s,4.096,8,10,protocol,7.5,280,1243,4.43929,568,568,1,0.974138,0.755155,0.49605,0.405443,0.328967,0.282819,0.282819,0.282819,0.282819,0.495209,10
+202s,4.096,8,10,protocol,7.5,280,1262,4.50714,624,617,0.988782,0.973366,0.756667,0.524249,0.407907,0.335551,0.292903,0.292903,0.292903,0.292903,0.49569,10
+203s,4.096,8,10,protocol,7.5,280,1289,4.60357,640,639,0.998437,0.994076,0.784446,0.537037,0.407733,0.343704,0.300129,0.300129,0.300129,0.300129,0.496122,10
+204s,4.096,8,10,protocol,7.5,280,1266,4.52143,642,634,0.987539,0.971526,0.771115,0.516111,0.392519,0.338148,0.302518,0.302518,0.302518,0.302518,0.496526,10
+205s,4.096,8,10,protocol,7.5,280,1298,4.63571,682,677,0.992669,0.976351,0.749172,0.508999,0.376456,0.337939,0.307823,0.307823,0.307823,0.307823,0.49684,10
+206s,4.096,8,10,protocol,7.5,280,1299,4.63929,681,681,1,0.991111,0.747549,0.501095,0.383487,0.341163,0.315517,0.315517,0.315517,0.315517,0.497106,10
+207s,4.096,8,10,protocol,7.5,280,1276,4.55714,672,665,0.989583,0.976035,0.729858,0.497845,0.388562,0.34947,0.316655,0.316655,0.316655,0.316655,0.497373,10
+208s,4.096,8,10,protocol,7.5,280,1390,4.96429,632,632,1,0.983854,0.780952,0.529032,0.413098,0.376435,0.336986,0.336986,0.336986,0.336986,0.497607,10
+209s,5.632,11,10,protocol,7.5,290,1389,4.78966,646,635,0.982972,0.956697,0.757296,0.528403,0.418151,0.381284,0.328229,0.328229,0.328229,0.328229,0.497766,10
+210s,6.144,12,10,protocol,7.5,290,1382,4.76552,626,623,0.995208,0.957341,0.733776,0.527013,0.428879,0.385659,0.325376,0.325376,0.325376,0.325376,0.497858,10
+211s,6.144,12,10,protocol,7.5,290,1393,4.80345,640,631,0.985938,0.951904,0.735465,0.527083,0.443082,0.390131,0.332895,0.332895,0.332895,0.332895,0.500638,10
+212s,6.144,12,10,protocol,7.5,290,1438,4.95862,632,612,0.968354,0.945585,0.74177,0.527575,0.451068,0.389102,0.333772,0.333772,0.333772,0.333772,0.501882,10
+213s,6.144,12,10,protocol,7.5,290,1468,5.06207,654,652,0.996942,0.972505,0.77145,0.535421,0.453873,0.394777,0.341296,0.341296,0.341296,0.341296,0.503099,10
+214s,6.144,12,10,protocol,7.5,290,1446,4.98621,624,624,1,0.975,0.736457,0.512742,0.432502,0.374395,0.325145,0.325145,0.325145,0.325145,0.504305,10
+215s,6.144,12,10,protocol,7.5,290,1424,4.91034,618,608,0.983819,0.948238,0.719619,0.496465,0.420805,0.365699,0.321032,0.321032,0.321032,0.321032,0.505617,10
+216s,6.144,12,10,protocol,7.5,300,1449,4.83,656,653,0.995427,0.948104,0.74094,0.513966,0.427245,0.381479,0.33638,0.33638,0.33638,0.33638,0.506773,10
+217s,6.144,12,10,protocol,7.5,300,1371,4.57,660,648,0.981818,0.919287,0.686395,0.475943,0.387779,0.346735,0.30706,0.30706,0.30706,0.30706,0.507897,10
+218s,6.144,12,10,protocol,7.5,300,1339,4.46333,650,628,0.966154,0.92953,0.68821,0.456645,0.370413,0.324297,0.293993,0.293993,0.293993,0.293993,0.509074,10
+219s,6.144,12,10,protocol,7.5,300,1275,4.25,628,620,0.987261,0.921348,0.675452,0.410151,0.330752,0.299799,0.267601,0.267601,0.267601,0.267601,0.510302,10
+220s,6.144,12,10,protocol,7.5,310,1268,4.09032,600,594,0.99,0.926439,0.689069,0.399059,0.322391,0.29138,0.257877,0.257877,0.257877,0.257877,0.511492,10
+221s,6.144,12,10,protocol,7.5,310,1288,4.15484,556,546,0.982014,0.939956,0.727765,0.407007,0.324595,0.2926,0.254737,0.254737,0.254737,0.254737,0.512568,10
+222s,6.144,12,10,protocol,7.5,310,1262,4.07097,554,549,0.990975,0.95,0.721169,0.408318,0.31203,0.278015,0.243597,0.243597,0.243597,0.243597,0.513604,10
+223s,6.144,12,10,protocol,7.5,310,1278,4.12258,576,573,0.994792,0.951049,0.713492,0.397436,0.310214,0.271437,0.237203,0.237203,0.237203,0.237203,0.514625,10
+224s,6.144,12,10,protocol,7.5,310,1321,4.26129,560,560,1,0.971897,0.764331,0.421793,0.330579,0.287253,0.250784,0.250784,0.250784,0.250784,0.515607,10
+225s,6.144,12,10,protocol,7.5,310,1333,4.3,560,556,0.992857,0.956081,0.757972,0.409452,0.322772,0.274585,0.242416,0.242416,0.242416,0.242416,0.516587,10
+226s,6.144,12,10,protocol,7.5,310,1297,4.18387,608,599,0.985197,0.95122,0.7575,0.402212,0.314751,0.268776,0.233676,0.233676,0.233676,0.233676,0.518266,10
+227s,6.144,12,10,protocol,7.5,310,1282,4.13548,576,571,0.991319,0.967033,0.799828,0.425114,0.320372,0.274712,0.238107,0.238107,0.238107,0.238107,0.519042,10
+228s,6.144,12,10,protocol,7.5,310,1303,4.20323,578,574,0.99308,0.966667,0.819716,0.412054,0.313946,0.2734,0.237764,0.237764,0.237764,0.237764,0.519836,10
+229s,6.144,12,10,protocol,7.5,310,1279,4.12581,580,576,0.993103,0.962838,0.848485,0.399287,0.306325,0.265875,0.233333,0.233333,0.233333,0.233333,0.520631,10
+230s,6.144,12,10,protocol,7.5,320,1400,4.375,564,562,0.996454,0.95499,0.828947,0.415499,0.326003,0.277992,0.245077,0.245077,0.245077,0.245077,0.521512,10
+231s,6.144,12,10,protocol,7.5,320,1311,4.09687,580,579,0.998276,0.937882,0.733232,0.398839,0.31173,0.257357,0.23293,0.23293,0.23293,0.23293,0.522277,10
+232s,6.656,13,10,protocol,7.5,320,1362,4.25625,580,578,0.996552,0.957906,0.783233,0.413147,0.342244,0.27757,0.249639,0.249639,0.249639,0.249639,0.523111,10
+233s,8.192,16,10,protocol,7.5,320,1416,4.425,572,572,1,0.961378,0.835131,0.436745,0.365475,0.292499,0.257972,0.257972,0.257972,0.257972,0.523799,10
+234s,8.192,16,10,protocol,7.5,320,1445,4.51562,589,581,0.986418,0.914835,0.838124,0.461667,0.377899,0.296812,0.261198,0.261198,0.261198,0.261198,0.524456,10
+235s,8.192,16,10,protocol,7.5,320,1434,4.48125,560,559,0.998214,0.945757,0.851714,0.493523,0.385367,0.303022,0.270085,0.270085,0.270085,0.270085,0.525092,10
+236s,8.192,16,10,protocol,7.5,320,1459,4.55938,562,562,1,0.9566,0.821326,0.493934,0.378235,0.305466,0.268995,0.268995,0.268995,0.268995,0.525701,10
+237s,8.192,16,10,protocol,7.5,320,1406,4.39375,626,625,0.998403,0.953532,0.752237,0.476045,0.363848,0.288695,0.257176,0.257176,0.257176,0.257176,0.526367,10
+238s,8.192,16,10,protocol,7.5,320,1438,4.49375,640,630,0.984375,0.960653,0.76557,0.469931,0.3753,0.291267,0.255607,0.255607,0.255607,0.255607,0.526974,10
+239s,8.192,16,10,protocol,7.5,320,1385,4.32812,672,666,0.991071,0.949318,0.775106,0.447712,0.382682,0.296858,0.25764,0.25764,0.25764,0.25764,0.527583,10
+240s,8.192,16,10,protocol,7.5,320,1378,4.30625,670,652,0.973134,0.944898,0.764069,0.413995,0.37315,0.284219,0.249764,0.249764,0.249764,0.249764,0.528173,10
+241s,8.192,16,10,protocol,7.5,330,1425,4.31818,672,661,0.983631,0.920775,0.739242,0.400209,0.35459,0.289341,0.25692,0.25692,0.25692,0.25692,0.529241,10
+242s,8.192,16,10,protocol,7.5,330,1374,4.16364,644,639,0.992236,0.932432,0.700899,0.378247,0.333945,0.282243,0.243968,0.243968,0.243968,0.243968,0.528913,10
+243s,8.192,16,10,protocol,7.5,330,1415,4.28788,649,644,0.992296,0.950787,0.715009,0.394755,0.33762,0.294394,0.255661,0.255661,0.255661,0.255661,0.528576,10
+244s,8.192,16,10,protocol,7.5,330,1417,4.29394,680,670,0.985294,0.95509,0.703865,0.399505,0.337822,0.295705,0.25788,0.25788,0.25788,0.25788,0.528259,10
+245s,8.192,16,10,protocol,7.5,330,1416,4.29091,722,700,0.969529,0.95102,0.717557,0.403722,0.335714,0.296218,0.258834,0.258834,0.258834,0.258834,0.528094,10
+246s,8.192,16,10,protocol,7.5,330,1420,4.30303,748,742,0.991979,0.952199,0.727626,0.400143,0.337748,0.29573,0.261905,0.261905,0.261905,0.261905,0.527438,10
+247s,8.192,16,10,protocol,7.5,330,1453,4.40303,770,765,0.993506,0.965677,0.722503,0.397704,0.356742,0.300552,0.26831,0.26831,0.26831,0.26831,0.526744,10
+248s,8.192,16,10,protocol,7.5,330,1429,4.3303,800,792,0.99,0.966667,0.725191,0.397767,0.358491,0.304325,0.27117,0.27117,0.27117,0.27117,0.525849,10
+249s,8.192,16,10,protocol,7.5,330,1504,4.55758,808,803,0.993812,0.961606,0.734962,0.417884,0.369798,0.316685,0.281295,0.281295,0.281295,0.281295,0.524926,10
+250s,8.192,16,10,protocol,7.5,340,1631,4.79706,840,839,0.99881,0.947885,0.750832,0.458023,0.386571,0.341494,0.300266,0.300266,0.300266,0.300266,0.524022,10
+251s,11.264,22,10,protocol,7.5,370,1705,4.60811,1010,1010,1,0.956164,0.766293,0.470313,0.404352,0.35,0.297196,0.297196,0.297196,0.297196,0.52292,10
+252s,12.288,24,10,protocol,7.5,370,1740,4.7027,1032,1023,0.991279,0.936931,0.759596,0.47,0.406706,0.347184,0.294095,0.294095,0.294095,0.294095,0.52177,10
+253s,12.288,24,10,protocol,7.5,370,1753,4.73784,1060,1050,0.990566,0.942623,0.777778,0.48125,0.413312,0.350638,0.299378,0.299378,0.299378,0.299378,0.520594,10
+254s,12.288,24,10,protocol,7.5,370,1767,4.77568,1016,1014,0.998031,0.926115,0.769809,0.478491,0.418484,0.342176,0.297481,0.297481,0.297481,0.297481,0.519448,10
+255s,12.288,24,10,protocol,7.5,370,1791,4.84054,1012,1009,0.997036,0.951204,0.7875,0.505456,0.425216,0.346306,0.306361,0.306361,0.306361,0.306361,0.518282,10
+256s,12.288,24,10,protocol,7.5,370,1728,4.67027,980,957,0.976531,0.910188,0.735933,0.465646,0.395911,0.324978,0.291781,0.291781,0.291781,0.291781,0.518128,10
+257s,12.288,24,10,protocol,7.5,370,1722,4.65405,945,942,0.996825,0.956067,0.719943,0.465166,0.386131,0.328329,0.296347,0.296347,0.296347,0.296347,0.517394,10
+258s,12.288,24,10,protocol,7.5,370,1637,4.42432,906,895,0.987859,0.946676,0.676499,0.434331,0.362755,0.31116,0.281696,0.281696,0.281696,0.281696,0.517049,10
+259s,12.288,24,10,protocol,7.5,370,1623,4.38649,964,954,0.989627,0.937762,0.664129,0.421498,0.358869,0.306948,0.27578,0.27578,0.27578,0.27578,0.516719,10
+260s,12.288,24,10,protocol,7.5,370,1597,4.31622,1018,1015,0.997053,0.929395,0.688064,0.399767,0.340785,0.301009,0.26976,0.26976,0.26976,0.26976,0.516476,10
+261s,12.288,24,10,protocol,7.5,370,1707,4.61351,940,935,0.994681,0.961144,0.735086,0.421205,0.350869,0.31595,0.287636,0.287636,0.287636,0.287636,0.516173,10
+262s,12.288,24,10,protocol,7.5,370,1604,4.33514,934,930,0.995717,0.917143,0.697896,0.400979,0.336962,0.302563,0.272763,0.272763,0.272763,0.272763,0.515942,10
+263s,12.288,24,10,protocol,7.5,370,1605,4.33784,928,920,0.991379,0.922222,0.675662,0.402867,0.333656,0.297408,0.269156,0.269156,0.269156,0.269156,0.515714,10
+264s,12.288,24,10,protocol,7.5,370,1658,4.48108,920,913,0.992391,0.92862,0.70534,0.430391,0.351136,0.307448,0.279961,0.279961,0.279961,0.279961,0.515417,10
+265s,12.288,24,10,protocol,7.5,370,1702,4.6,950,947,0.996842,0.928762,0.730244,0.433913,0.363526,0.317027,0.285469,0.285469,0.285469,0.285469,0.515103,10
+266s,12.288,24,10,protocol,7.5,370,1716,4.63784,1002,974,0.972056,0.926546,0.729187,0.424943,0.366028,0.315066,0.28052,0.28052,0.28052,0.28052,0.514756,10
+267s,12.288,24,10,protocol,7.5,380,1844,4.85263,1024,1015,0.991211,0.924412,0.738075,0.451459,0.390546,0.341973,0.299016,0.299016,0.299016,0.299016,0.514384,10
+268s,12.288,24,10,protocol,7.5,380,1900,5,1058,1051,0.993384,0.942375,0.770079,0.470604,0.393727,0.350824,0.30614,0.30614,0.30614,0.30614,0.514022,10
+269s,12.288,24,10,protocol,7.5,380,1858,4.88947,1084,1063,0.980627,0.938389,0.761566,0.467504,0.396847,0.345161,0.300351,0.300351,0.300351,0.300351,0.513645,10
+270s,12.288,24,10,protocol,7.5,380,1848,4.86316,1141,1102,0.965819,0.934195,0.744764,0.461351,0.406719,0.347234,0.299579,0.299579,0.299579,0.299579,0.51326,10
+271s,11.264,22,10,protocol,7.5,380,1806,4.75263,1238,1175,0.949111,0.909624,0.707338,0.440723,0.394386,0.330279,0.295438,0.295438,0.295438,0.295438,0.514357,10
+272s,10.24,20,10,protocol,7.5,390,1903,4.87949,1300,1258,0.967692,0.917421,0.693793,0.446311,0.404814,0.344808,0.3143,0.3143,0.3143,0.3143,0.5148,10
+273s,10.24,20,10,protocol,7.5,390,1809,4.63846,1346,1271,0.944279,0.914286,0.651685,0.42192,0.380994,0.324324,0.301664,0.301664,0.301664,0.301664,0.515043,10
+274s,10.24,20,10,protocol,7.5,390,1839,4.71538,1374,1327,0.965793,0.938654,0.668556,0.428329,0.387769,0.325303,0.305527,0.305527,0.305527,0.305527,0.514816,10
+275s,10.24,20,10,protocol,7.5,390,1897,4.8641,1364,1357,0.994868,0.958602,0.681208,0.440878,0.396312,0.342905,0.315871,0.315871,0.315871,0.315871,0.514679,10
+276s,10.24,20,10,protocol,7.5,390,1894,4.85641,1372,1345,0.980321,0.948387,0.67083,0.44085,0.395067,0.347677,0.315917,0.315917,0.315917,0.315917,0.514483,10
+277s,10.24,20,10,protocol,7.5,390,1867,4.78718,1374,1264,0.919942,0.9,0.639303,0.428333,0.38539,0.345962,0.312326,0.312326,0.312326,0.312326,0.514295,10
+278s,10.24,20,10,protocol,7.5,390,2017,5.17179,1380,1337,0.968841,0.951064,0.692582,0.463706,0.410397,0.371319,0.340343,0.340343,0.340343,0.340343,0.514071,10
+279s,10.24,20,10,protocol,7.5,390,1987,5.09487,1372,1319,0.96137,0.918933,0.680299,0.459304,0.408586,0.368593,0.340755,0.340755,0.340755,0.340755,0.513873,10
+280s,10.24,20,10,protocol,7.5,390,2028,5.2,1386,1369,0.987734,0.9345,0.697716,0.468825,0.418988,0.377705,0.352506,0.352506,0.352506,0.352506,0.513643,10
+281s,10.24,20,10,protocol,7.5,390,1989,5.1,1400,1336,0.954286,0.895349,0.67956,0.460337,0.414682,0.37098,0.346481,0.346481,0.346481,0.346481,0.513402,10
+282s,10.24,20,10,protocol,7.5,400,2136,5.34,1560,1512,0.969231,0.929888,0.715818,0.477639,0.438424,0.391927,0.369039,0.369039,0.369039,0.369039,0.513161,10
+283s,10.24,20,10,protocol,7.5,400,2214,5.535,1631,1604,0.983446,0.950673,0.744452,0.491563,0.452298,0.406985,0.381988,0.381988,0.381988,0.381988,0.512899,10
+284s,10.24,20,10,protocol,7.5,400,2139,5.3475,1620,1535,0.947531,0.911583,0.72166,0.475333,0.431598,0.39291,0.367147,0.367147,0.367147,0.367147,0.512636,10
+285s,10.24,20,10,protocol,7.5,400,2270,5.675,1571,1554,0.989179,0.952838,0.766892,0.504444,0.447555,0.414991,0.383576,0.383576,0.383576,0.383576,0.512363,10
+286s,10.24,20,10,protocol,7.5,400,2200,5.5,1512,1453,0.960979,0.917021,0.743997,0.48976,0.435989,0.399274,0.372629,0.372629,0.372629,0.372629,0.512846,10
+287s,10.24,20,10,protocol,7.5,400,2272,5.68,1590,1570,0.987421,0.943555,0.771215,0.511481,0.453493,0.41085,0.385215,0.385215,0.385215,0.385215,0.512531,10
+288s,10.24,20,10,protocol,7.5,400,2268,5.67,1594,1572,0.986198,0.944538,0.782069,0.514986,0.451793,0.412664,0.385846,0.385846,0.385846,0.385846,0.512214,10
+289s,10.24,20,10,protocol,7.5,400,2238,5.595,1602,1547,0.965668,0.94087,0.804457,0.519017,0.442118,0.401075,0.380871,0.380871,0.380871,0.380871,0.511929,10
+290s,10.24,20,10,protocol,7.5,400,2283,5.7075,1618,1591,0.983313,0.953982,0.84493,0.526887,0.449941,0.411648,0.384992,0.384992,0.384992,0.384992,0.511703,10
+291s,10.24,20,10,protocol,7.5,400,2171,5.4275,1638,1594,0.973138,0.926025,0.805267,0.507006,0.427278,0.393297,0.36268,0.36268,0.36268,0.36268,0.511409,10
+292s,10.24,20,10,protocol,7.5,400,2238,5.595,1722,1688,0.980256,0.941558,0.835075,0.524859,0.441769,0.405729,0.378041,0.378041,0.378041,0.378041,0.511117,10
+293s,10.24,20,10,protocol,7.5,400,2097,5.2425,1602,1503,0.938202,0.897826,0.805919,0.477242,0.412795,0.383364,0.35633,0.35633,0.35633,0.35633,0.51083,10
+294s,10.24,20,10,protocol,7.5,400,2186,5.465,1542,1508,0.977951,0.945254,0.842065,0.497383,0.426121,0.396877,0.374443,0.374443,0.374443,0.374443,0.510528,10
+295s,10.24,20,10,protocol,7.5,400,2215,5.5375,1424,1407,0.988062,0.950972,0.867947,0.493538,0.435509,0.398955,0.377986,0.377986,0.377986,0.377986,0.510227,10
+296s,10.24,20,10,protocol,7.5,400,2171,5.4275,1366,1324,0.969253,0.939153,0.850039,0.488524,0.427531,0.38865,0.370225,0.370225,0.370225,0.370225,0.509931,10
+297s,10.24,20,10,protocol,7.5,400,2189,5.4725,1392,1391,0.999282,0.955507,0.865902,0.501374,0.435275,0.394272,0.371395,0.371395,0.371395,0.371395,0.509623,10
+298s,10.24,20,10,protocol,7.5,400,2163,5.4075,1386,1370,0.988456,0.938894,0.86141,0.494513,0.430191,0.389029,0.36661,0.36661,0.36661,0.36661,0.509317,10
+299s,10.24,20,10,protocol,7.5,400,2132,5.33,1363,1359,0.997065,0.938766,0.826998,0.48279,0.423352,0.382765,0.360135,0.360135,0.360135,0.360135,0.509011,10
+300s,10.24,20,10,protocol,7.5,400,2112,5.28,1366,1347,0.986091,0.938785,0.815444,0.480546,0.43332,0.38109,0.357602,0.357602,0.357602,0.357602,0.508702,10
,,,,,,,,,,,0.529504908,,,,,,,,,,,